Alemão,Inglês,Português,Desano,Desano Obs,Yupua,Yupuna Obs,Yahuna,Yahuna Obs,Koretu,Koretu Obs,ID,Pagina
Zunge,Tongue,Língua,nḗ̠riru,,dṓlo,,nē̠nóke̠ka,,siáme̠lako,,1,812
Zunge,Tongue,Língua,,,(n)dṓlo,,,,,,2,812
Mund,Mouth,Boca,dix̯sī́ro,,dix̯(t)si,,dihokópe̠,,sírise̠pu̠,,3,812
Mund,Mouth,Boca,,,,,lihokópe̠,,,,4,812
Lippen,Lips,Lábios,dix̯síbero,,dix̯(t)sigat(š)i,,dihé̠a,,sírise̠pu̠,,5,812
Lippen,Lips,Lábios,,,,,lihé̠a,,,,6,812
Zahn,Tooth,Dente,guhī́kuli,,goxpé̠ga,,ōpía,,síkoḥiri,,7,812
Zahn,Tooth,Dente,,,góxpe̠ga,,,,,,8,812
Nase,Nose,Nariz,ī́ṅinu,,ḗge̥le,,ṓme̠,,sikomé̠o,,9,812
Nasenloch,Nostril,Narina,íṅigobe̠ri,,,,ṓme̠kope̠a,,,,10,812
Auge,Eye,Olho,kuī́ri,,yḗle̥,,ya'koá,,siakṓkia,,11,812
Ohr,Ear,Orelha,gā'mī́no,,(ṅ)gámu,,āmó,,sikiaū́lo,,12,812
Ohr,Ear,Orelha,,,(g)ámu,,ā'mé̥,,,,13,812
Ohr,Ear,Orelha,,,(n)g(n)ámu,,,,,,14,812
Ohrloch als Gehörgang,Earhole ,Ouvido,gā́migobe̠,,,,āmokópe̠a,,,,15,812
Loch im Ohrläppchen,Hole in the earlobe,Furo no lobo da orelha,ga'minógobe̠,,,,āmóakakope̠a,,,,16,812
Stift im Ohrläppchen,Pin in the earlobe,Alargador no lobo da orelha,ga'minotsā́lioxka,,,,amukótoa,,,,17,812
Stift im Ohrläppchen,Pin in the earlobe,Alargador no lobo da orelha,,,,,amokótoa,,,,18,812
Loch im der Unterlippe,Hole in the lower lip,Furo no lábio inferior,dix̯sipuligobe̠,,,,hāt(s)íkope̠a,,,,19,812
Stift in der Unterlippe,Long and thin cylinder in the lower lip,Cilindro longo e fino no lábio inferior,disx̯sípulitsai̯ánidex̯ka,,,,hāt(s)ia,,,,20,812
Loch in der Nasenscheidewand,Hole in the nasal septum,Furo no septo nasal,,,,,ṓme̠kenikope̠a,,,,21,812
Stift in der Nasenscheidewand,Pin in the nasal septum,Talo da pena no septo nasal,,,,,ṓme̠tḗ̠ni(e),,,,22,812
Stirn,Forehead,Testa,diapu,,de̥xpé̥li,,kóa,,sikoayéke̥,,23,812
Kopf,Head,Cabeça,dex̯pū́ru,,kúe̥le̥,,lu̠pu̠kóa,,sī́roḥo,,24,812
Kopf,Head,Cabeça,,,,,le̥pokóa,,,,25,812
Kopf,Head,Cabeça,,,,,de̥pokóa,,,,26,812
Kopfhaar,Hair (head),Cabelo,póali,,póa,,lu̠pú̠komihia,,sī́roḥōre,,27,812
Kopfhaar,Hair (head),Cabelo,,,,,de̥pókomihia,,,,28,812
Augenbrauen,Eyebrow,Sobrancelhas,kuísipóali,,yímogat(š)i,,yakólipite̠koa,,siagóne̥keri,,29,812
Augenwimpern,Eyelashe,Cílios,kuísipóali,,yímogat(š)i,,yakotáya,,siakorasé̠ḥoiri,,30,812
Augenwimpern,Eyelashe,Cílios,,,,,yakotá(d)ya,,,,31,812
Bart,Beard,Barba,dix̯sípoali,,dix̯sipoa,,dihe̠táya,,sigoi̯tagiáḥoiri,,32,812
Bart,Beard,Barba,,,,,lihe̠táya,,goi̯takiáḥoiri,,33,812
Schamhaar,Pubic hair,Pelo pubiano,gé̥lapoali,,nūlipóa,,pūluitá,,,,34,812
Achselhaar,Underarm hair,Pelo nas axilas,kādoxkápoali,,,,,,,,35,812
Wange,Cheek,Bochecha,uayúpona,,,,ye̠té̠a,,,,36,812
Kinn,Chin,Queixo,dix̯sípuliru,,,,dihe̠kóa,,,,37,812
Schulter,Shoulder,Ombro,komẽ́pero,komẽ́pero,di(x̯)kagúu,,hihóa,,sikiakóme̠no,,38,812
Arm,Arm,Braço,de̥xká,,di(x̯)ka,,nikapé̠pe̠,,silikíape̥,,39,812
Ellbogen,Elbow,Cotovelo,de̥xkápuliru,,,,nikapé̠pe̠tū́liaka,,,,40,812
Hand,Hand,Mão,mohṓpama,,múhu,,pí'taka,,símaḥumpu,,41,812
Handrücken,Back of the Hand,Costas da mão,mohṓpama,,,,pitapé̠ta,,,,42,812
Handfläche,Palm,Palma da mão,mohóliru,,,,pitatót(š)i(e),,,,43,812
Finger,Finger,Dedo,mohṓtseri dix̯pelu,,muhúatx̯u,,pitauaḥoa,,simaoi̯e,símaoi̯e,44,812
Finger,Finger,Dedo,,,muhúua(t)su,,,,,,45,812
Finger,Finger,Dedo,,,muhúuatse̠ru,,,,,,46,812
Daumen,Thumb,Polegar,ūé̥(a)liru,,,,pitapákoaka,pitapákoaḳa,,,47,812
Zeigefinger,Forefinger,Dedo indicador,tsiupū́liru,,,,hóatanikipi(a),,,,48,813
Mittelfinger,Middle finger,Dedo médio,,,,,hóatanikerokaíkaka,,,,49,813
Ringfinger,Ring finger,Dedo anelar,,,,,pitóahoa,,,,50,813
Kleinfinger,Small finger,Dedo mínimo,kāmhálu,,muhúua̯tsutsī́ge̥le̥,,pitatī́tiaka,,simáu̠kiakio̯,,51,813
Fingernagel,Fingernail,Unha,mohṓtsirupē̠ru,,muhúgat(š)i,,mamálaḥe̠,,simaoráso,,52,813
Oberschenkel,Thigh,Coxa,goxsó,,ge̥tx̯á,,dihóa,,siritu̠,sirítu̠,53,813
Oberschenkel,Thigh,Coxa,,,,,lihóa,,,,54,813
Unterschenkel,Lower leg,Parte da perna abaixo do joelho e acima do tornozelo,nyĩ(g)ā́(ẽ),nyī(g)ā́(ē),(g)ṹẽ,,nyīká,,síneke̥be̥,,55,813
Unterschenkel,Lower leg,Parte da perna abaixo do joelho e acima do tornozelo,,,(ṅ)g(a)ṹẽ,,,,,,56,813
Schienbein,Shin,Canela da perna,,,,,nyīkáome̠,,,,57,813
Wade,Calf of Leg,Panturrilha,nyĩṅ(g)áliru,nyīṅ(g)áliru,(g)(n)õãdiíle̥,,nyikalíye̠,,,,58,813
Wade,Calf of Leg,Panturrilha,,,(g)(n)ṹẽdiíle̥,,nyikalíiye̠,,,,59,813
Knie,Knee,Joelho,yālix̯kapu,yãlix̯kapu,ge̥tx̯agúu,,nyikalupúa,,siukúye̠hu,,60,813
Knie,Knee,Joelho,,,(n)yikadí(x̯)pu,,,,,,61,813
Kniekehle,Popliteal fossa,Parte detrás do joelho,nyĩ(g)ã́(ṅ)(g)ẽdoxka,nyī(g)ā́(ṅ)(g)ēdoxka,,,,,,,62,813
Kniekehle,Popliteal fossa,Parte detrás do joelho,nyẽ(g)ã́(ṅ)(g)ẽdoxka,nyē(g)ā́(ṅ)(g)ēdoxka,,,,,,,63,813
Fuß,Foot,Pé,gubū́pama,,gé̥apa,,ūpúa,,sikoxú̠la,,64,813
Fuß,Foot,Pé,,,,,ōpúa,,,,65,813
Fußrücken,Instep,Peito do pé,gubū́pama,,,,ūpupé̠ta,,,,66,813
Sohle,Sole (foot),Sola do pé,gubū́kore̠,,,,ūputót(s)ia,,,,67,813
Ferse,Heel,Calcamnhar,gubū́liru,,,,ūput(s)ī́ka,,,,68,813
Fußknöchel,Ankle,Tornozelo,ā̃nyã́nyaru,ā̃nyā́nyaru,,,ūpuálikaka,,,,69,813
Fußsehne,Foot tendon,Tendão do pé,nyī̃(g)ã́(ṅ)(g)ẽ(g)õã,,,,,,,,70,813
Fußsehne,Foot tendon,Tendão do pé,uyī̃ṅ(g)ã́(ṅ)(g)ẽ(g)õã,,,,,,,,71,813
Zehe,Toe,Dedão,gubū́tsinidix̯pelu,,gé̥apauatx̯u,,ūpúahoa,,sikoxúio,,72,813
Zehe,Toe,Dedão,gubū́tsinidix̯peru,,ge̥apáua(t)su,,ōpúaḥoa,,,,73,813
Zehe,Toe,Dedão,,,gé̥apauat(š)u,,,,,,74,813
Zehennagel,Toenail,Unha do dedão,gubū́tsepē̠roli,,gé̥apagat(š)i,,mamálaḥe̠,,,,75,813
Körper,Body,Corpo,dexpé̥,,yadúḥe̥,,dipau̯íya,,siḥī́re,,76,813
Körper,Body,Corpo,,,,,dipau̯ía,,,,77,813
Hals,Neck,Pescoço,ue̥nṹ(g)õ,,yaué̥,,uáme̥a,,siuaḥíkie̯,,78,813
Nacken,Nape (of neck),Nuca,kā́te̥,,,,uáme̥a,,,,79,813
Kehle,Throat,Gargante,uērériru,,yagókokoa,,uame̥tósia,,siuaḥé̥toro,,80,813
Achselhöhle,Armpit,Axila,kā́doxka,,,,kākope̠roka,,,,81,813
Schulterblatt,Shoulder blade,Escápula,komeẽ́pero,,,,ua(d)yume̠ká,,,,82,813
Rippen,Rib,Costela,mẽ(g)ápatole,,,,yatau̯iía,,,,83,813
Rippen,Rib,Costela,mẽ(g)ápatore,,,,,,,,84,813
Brust,Chest,Peito,kolétipi,,kolé̠me̠te̠,,kālimakíya,,sikotitile̥,,85,813
Brust,Chest,Peito,korétipi,,,,kālimakía,,,,86,813
Brustwarze,Nipple,Mamilo,axpī́ro,,óxpe̥le̥,,ṓpe̠a,,síḥuḥē̠re̥,,87,813
Weibliche Brust,Breast,Peito feminino,axpī́ro,,óxpe̥le̥,,ṓpe̠a,,síḥuḥē̠re̥,,88,813
Bauch,Belly,Barriga,pā́ru,,tuxtúlu,,ye̠me̠á,,síhake̠ke̥,,89,813
Bauch,Belly,Barriga,,,yatuxtúlu,,,,,,90,813
Bauch,Belly,Barriga,,,yadu(x)túru,,,,,,91,813
Nabel,Navel,Umbigo,tsomóno,,t(š)umúnu,,homokópe̠,,sítoūkia,,92,813
Nabel,Navel,Umbigo,,,yat(š)umúnu,,,,,,93,813
Nabel,Navel,Umbigo,,,yasómono,,,,,,94,813
Rücken,Back,Costas,tsũ(g)ũpínũ(g)õã,,pe̥(e̥)lá,,uaḥé̠a,,siḥe̠te̠hī́re̥,,95,813
Rücken,Back,Costas,,,pe̥lág(e),,,,,,96,813
Rücken,Back,Costas,,,yape̥lág(e),,,,,,97,813
Gesaß,Buttocks,Nádegas,gōrópe̠ru,,ge̥rápe̠,,yopé̠a,,síaḥu̠,,98,813
Gesaß,Buttocks,Nádegas,gōlópe̠ru,,,,,,,,99,813
Penis,Penis,Pênis,yḗ̠ru,,nūli,,nulía,,sínoni,,100,813
Scrotum,Scrotum,Escroto,axpinóto,,uaxpĩ́(g)ȭpe̠,,uaxpíniakoa,,símaḥē̠re̥,,101,813
Testikel,Testicle,Testículo,axpinotóyeri,,ua(x)pítie̥le̥,,uaxpiniakoliá,,simaḥā́liāre̥,,102,813
Membrum muliebre,Membrum muliebre,Membrum muliebre,ye̠,,bū́lu,,ya'ná,,yanā́re̥,,103,813
Vagina,Vagina,Vagina,yḗrigobe̠,,bū́lugō,,ya'nákope̠,,yanágoḥe̠,,104,813
Clitoris,Clitoris,Clitóris,kōré̠,,bíitu,,kṓpahike̠,,yé̠hē̠re̥,,105,813
Clitoris,Clitoris,Clitóris,kōlé̠,,,,,,,,106,813
Anus,Anus,Ânus,gé̥labe̠,,gé̥tago,,itopé̠a,,sike̥tágoḥe̠,,107,813
Anus,Anus,Ânus,,,yagé̥tago,,,,,,108,813
Haut,Skin,Pele,gaxtsī́ro,,yagā́t(š)i,,áḥe̠a,,siráso,,109,813
Fell,Fur,Pelo,gaxtsī́ro,,,,,,,,110,813
Knochen,Bone,Osso,goá,,ya(g)(n)úe,,ōá,,sikoā́ri,,111,813
Blut,Blood,Sangue,di,,yadí,,diué̠a,,líē̠ri,,112,814
Ader,Vein,Veia,wā́dali,,,,yē̠niyá,,,,113,814
Puls,Pulse,Pulso,tsiúpona,,,,liuḗ̠(d)yie̠ká,,,,114,814
Puls,Pulse,Pulso,,,,,diuḗ̠(d)diia,,,,115,814
Fleisch,Flesh,Carne,dī́ro,,yadíi,,diia,,sikiaī́re̥,,116,814
Sehne,Tendon,Tendão,wā́dali,,,,yē̠nyía,,,,117,814
Herz,Heart,Coração,tsiúpona,,yáoama,,ṓnimakia,,siamé̠kia,,118,814
Eingeweide,Guts,Vísceras,ye(e)métuli,,,,,,,,119,814
Magen,Stomach,Estômago,,,,,yau̯ālaká,,,,120,814
Darm,Intestine,Intestino,,,,,ītapit(š)ia,,,,121,814
Fett,Fat (organic substance),Gordura,é̥ye̠,,yáui(x̯)ke̥tsi,,,,,,122,814
Speichel,Saliva,Saliva,dix̯siku,,,,liókaka,,,,123,814
Speichel,Saliva,Saliva,,,,,diókaka,,,,124,814
Urin,Urine,Urina,kōlé̠,,ya(g)núuli,,ōlé̠a,,sikonḗ̠ri,,125,814
Urin,Urine,Urina,kōré̠,,(g)nú(u)li,,ṓ'lé̠a,,,,126,814
Schweiß,Sweat (substance),Suor,yehátsirigoali,,,,ihíui̯tsia,,,,127,814
Träne,Tear (of eye),Lágrima,kṓlex̯ko,,,,yakókaka,,,,128,814
Träne,Tear (of eye),Lágrima,kṓrex̯ko,,,,,,,,129,814
Kot,Faeces (excrement),Fezes,ge̥lá,,yagé̥la,,itá,,ge̥tā́ri,,130,814
Flatus,Flatus,Flatulência,tā́bole,,,,itope̠ḥálika,,,,131,814
Flatus,Flatus,Flatulência,tā́bore,,,,,,,,132,814
Atem,Breath,Hálito,tsīunduxhā́ko,,,,(n)dyiaká,,,,133,814
Wunde,Wound,Ferida,kāmíno,,,,,,,,134,814
Purupuru (Hautkrankheit),Purupuru (skin disease),Pupupuru (doença de pele),purúpuru,,,,,,,,135,814
Schnabel,Beak,Bico,uex̯kóiṅinu,,,,nahe̠ṓme̠a,,,,136,814
Schwanz,Tail,Cauda,diḗy(i)pōleru,,bī́(g)e̥le̥,,uaipikóa,,,,137,814
Schwanz,Tail,Cauda,uex̯kópōleru,,bíṅe̥le,,,,,,138,814
Flügel,Wing,Asa,uex̯kowe̥lī́(g)e,uex̯kowe̥lĩ́(g)e,,,kahe̠pitía,,,,139,814
Feder,Feather,Pena,uex̯kopoáli,,póa,,kipōtiá,,té̠ḥau̯īri,,140,814
Flosse,Fin,Nadadeira,,,,,uaihī́ro,,,,141,814
Flosse,Fin,Nadadeira,,,,,kihī́roa,,,,142,814
Wasser,Water,Água,dex̯kó,,dé̠(x̯)ko,,ókoa,,kótapu,,143,814
Wasser,Water,Água,,,,,hókoa,,,,144,814
Fluß,River,Rio,diá,,diaya,,diáka,,lā́ya,,145,814
Fluß,River,Rio,,,,,liáka,,,,146,814
Bach,Brook,Riacho,pē̠ráma,,,,diámaka,,,,147,814
Bach,Brook,Riacho,,,,,liámaka,,,,148,814
Lagune,Lagoon,Lagoa,dix̯tálu,,titāla,,,,ritāre̥,rítāre̥,149,814
"Cachoeira (Stromschnelle, Wasserfall)",Waterfall,Cachoeira,e̥xtámu,,,,ātá,,,,150,814
Schmaler Flußarm (Paraná miri),Narrow river arm (Paraná miri),Paraná-mirim,yūli,,,,,,,,151,814
Feuer,Fire,Fogo,pē̠ā́me,,pie̥le̥,,pē̠ká,,hḗ̠hie̠kie̥,,152,814
Rauch,Smoke (exhaust),Fumaça,ōmú,,bū́(d)yi,,ōmákaka,,ē̠ke̠ápiāri,,153,814
Asche,Ash,Cinzas,nuxhoá,,,,ū́a,,,,154,814
Kohle,Coal,Carvão,nix̯ti,nix̯tí,,,pē̠kapulúa,,yakotitī́ri,,155,814
Kohle,Coal,Carvão,(pē̠áme)nix̯ti,,,,,,,,156,814
Brennholz,Firewood,Lenha,pē̠á,,pé̠a,,pē̠ká,,hḗ̠(e̠)kie̠ri,,157,814
Himmel,Sky,Céu,ēme̥tsi,,ue̠(x̯)sé̠,,īmía,,ne̥(e)mé̥lokē̠ri,,158,814
Himmel,Sky,Céu,,,,,,,ne̥'mé̥lokē̠ri,,159,814
Wolke,Cloud,Nuvem,imī́kakuruli,,,,uhḗ̠pe̠ma,,,,160,814
Regen,Rain (precipitation),Chuva,dex̯kó,,dé̠(x̯)ko,,ókoa,,kṓtari,,161,814
Nebel,Fog,Névoa,,,,,namátsika,,,,162,814
Nebel,Fog,Névoa,,,,,namásiga,,,,163,814
Tau,Dew,Orvalho,buī́ribu,,,,namásiga,,,,164,814
Feiner Nebelregen,Drizzle,Garoa,,,,,ṓ(o)diáka,,,,165,814
Wind,Wind,Vento,mī́nu,,uī́ne̥,,uī́noa,,iā́re̥,,166,814
Blitz,Lightning,Relâmpago,buxpú,,ué̥(x)pa,,uipóa,,me̥ḥolaláḥani,,167,814
Blitz,Lightning,Relâmpago,,,,,ui̯póa,,,,168,814
Blitz,Lightning,Relâmpago,,,,,ui(x̯)póa,,,,169,814
Blitz,Lightning,Relâmpago,,,,,ui̯podyā́e̠ga,,,,170,814
Donner,Thunder,Trovão,buxpúpāgumī́na,,ue̥(x)papabíke̥,,ui̯póhaiga,,mé̥(e)ḥo,,171,814
Donner,Thunder,Trovão,,,,,,,mé̥'ḥo,,172,814
Regenbogen,Rainbow,Arco-íris,buida,,patua(d)yá,,omau̯alía,,pué̥mokiape̥,,173,815
Sonne,Sun,Sol,ābé̠,,aué̠,,ihía,,hā́'ia,,174,815
Sonne,Sun,Sol,,,awé̠,,aiyagá,,,,175,815
Schatten,Shade,Sombra,yex̯sébe̠ré̠no,,se̥sáma,,pítánanalika,,sihā́tiri,,176,815
Schatten,Shade,Sombra,,,(t)six̯(t)sí,,tsapé̠ualalalika,,,,177,815
Schatten,Shade,Sombra,,,(t)se̥x(t)sé̥,,tsapé̠ualalanika,,,,178,815
Schatten,Shade,Sombra,,,,,pitálalalika,,,,179,815
Jahr,Year,Ano,,,,,īnakuliuḗ̠he̠naka,,,,180,815
Regenzeit,Rainy season,Estação chuvosa,,,,,okónimi,,,,181,815
Trockenzeit,Dry season,Estação seca,,,,,ihíayeā́ika,,,,182,815
Tag,Day,Dia,e̥mé̥,,é̥me̥de̠(x̯)ka,,imía,,tapoī́híasi,,183,815
Tag,Day,Dia,,,uaḥuá,,,,,,184,815
Nacht,Night,Noite,yamika,,yami,,yamía,,yá'miri,,185,815
Morgen,Morning,Manhã,yamĩ́(g)ã,,uasúaa,,uahḗ̠roga,,tapoiḥia,,186,815
Morgen,Morning,Manhã,,,uahoágamai̯,,uḗ̠roga,,,,187,815
Mittag,Noon,Meio-dia,góe̠ripoe̠,,áue̠pé̥lage̠,,ayaté̠uahirikádyu,,aianámati,,188,815
Mittag,Noon,Meio-dia,,,,,uahirikádyu,,,,189,815
Abend,Evening,Tarde,yamika,yamíka,náige̠,,málaai̯dyu,,le̠rū́re̥,,190,815
Morgenrot,Dawn,Amanhecer,,,,,oā́liliga,,,,191,815
Mond,Moon,Lua,ābé̠,,yamimage̠áue̠,,yámigakiai̯dyá,,hā́ia,,192,815
Mond,Moon,Lua,,,,,yámigakaiyagá,,,,193,815
Neuer Mond,New moon,Lua nova,mamadai̯y(o)áge̥,,áue̠mame̥,,mā́makiai̯dyá,,haiámamāke̥,,194,815
Vollmond,Full moon,Lua cheia,buhī́bāge̥,,áue̠túua,,ayaká hiadyaāníke̠ka,,haiakulísi,,195,815
Ringförmiger Mondhof,Moon halo,Halo lunar,,,,,áḥe̠a,,,,196,815
Mondfinsternis,Lunar eclipse,Eclipse lunar,ābé̠ tsīnĩ(g)e,,,,,,,,197,815
Sonnenfinstemis,Solar eclipse,Eclipse solar,ābé̠ tsīnĩ(g)e,,,,,,,,198,815
Stern,Star,Estrela,nḗ̠yaxka,,yoḳóro,yoḳóro,tāpía,,yákoḥe̠,,199,815
Stern,Star,Estrela,,,yokólo,,tā'pía,,,,200,815
Stern,Star,Estrela,,,yoxkólo,,,,,,201,815
Plejaden,Pleiades,Plêiades,nḗ̠katuru,,yoxkólo,,tāpía,,kuḥúlo,,202,815
Milchstraße,Milky Way,Via Láctea,nḗ̠kama,,,,,,,,203,815
Erdboden,Ground,Chão,nix̯kú,,ti(x̯)tá,,ka(a)ía,,kiáire̥,,204,815
Erdboden,Ground,Chão,,,,,ka'ía,,,,205,815
Feld,Field,Campo,tā́bolero,,,,,,,,206,815
Weg,Path,Caminho,maá,,máa,,maá,,mā́re̥,,207,815
Berg,Mountain,Montanha,e̥lé̥,,ti(x̯)te̠e̥mé̥ma,,makánikia,,puī́re̥,,208,815
Wald,Forest,Floresta,nē̃(g)ē̃́,nē̃(g)ẽ́,makáge̥,,makáka,,mākiálokē̠re̥,,209,815
Wald,Forest,Floresta,,,ma(x)káge̥,,,,,,210,815
Insel,Island,Ilha,nē̃(g)ē̃no,nẽ(g)ē̃no,ti(x̯)tapurú,,hṓmulika,,kíaito,,211,815
Insel,Island,Ilha,,,ti(x̯)tapulú,,,,,,212,815
Strand,Beach,Praia,ēmíparo,,pu̠(o)lé̥,,pōtía,,hṓnto,,213,815
Strand,Beach,Praia,,,,,pōt(s)ía,,,,214,815
Stein,Stone,Pedra,e̥xtá,,(ṅ)(g)é̥le̥,,ā́ta,,sí(i)ḥu,,215,815
Bimsstein,Pumice,Pedra-pomes,,,,,hopóa,,,,216,815
Weißer Ton,Whiter clay,Tabatinga (tipo de argila mais clara),,,,,é̠oa,,,,217,815
Gelber Ton,Yellow clay,Argila amarelada,,,,,hōt(s)ípoa,,,,218,815
Loch,Hole,Buraco,gōbé̠,,,,,,,,219,815
Grab,Grave,Tumba,maxsā́gobe̠,"KG 'Leuteloch' ""buraco de gente"" (análise morfológica)",,,,,,,220,815
Meer,Sea,Mar,,,,,kirī́kapunyuto,,,,221,815
Rio Solimões,Rio Solimões,Rio Solimões,,,,,u'kádyali,,,,222,815
Rio Yapurá,Rio Japurá,Rio Japurá,,,,,gamauḗni,,,,223,815
Rio Yapurá,Rio Japurá,Rio Japurá,,,,,gamawḗni,,,,224,815
Rio Apaporis,Rio Apapóris,Rio Apapóris,,,,,apapulí,,,,225,815
"Dorf, Heimat",Town or village,Cidade pequena ou vila,maxká,,yaue̠sé̠,,māká,,,,226,815
Heimat,Home,Lar,,,yaue̠(x̯)(t)sé̠,,,,,,227,815
deine Heimat,Your home,Seu lar,,,,,,,me̠ríue̠sḗ̠re̥,,228,815
deine Heimat,Your home,Seu lar,,,,,,,me̠líue̠sḗ̠re̥,,229,815
Haus,House,Casa,wií,,ue̥é̥,,uiíya,,ué̥ri,,230,815
Haus,House,Casa,,,ué̥le̥,,,,,,231,815
Haus,House,Casa,,,ue̥é̥le̥,,uiía,,,,232,815
Eingang,Entrance,Entrada,dix̯síporo,,,,kope̠re̠ká,,,,233,815
Ausgang,Exit,Saída,wīgólotx̯(e)amu,,,,uā́pakopé̠a,,,,234,816
Falltür,Trapdoor,Alçapão,dix̯sipialítse̠,,,,hāapālóa,KG '(Holztür)',,,235,816
Strebepfosten,Buttress posts,Contraforte,bōrá,,,,bo(x)tá,,,,236,816
Strebepfosten,Buttress posts,Contraforte,bōlá,,,,,,,,237,816
Wand,Wall (of house),Parede,,,,,koapái(a),,,,238,816
Wand,Wall (of house),Parede,,,,,koapái(e),,,,239,816
"Horizontallatten, die die Paxiúbalatten der Wand in der Mitte zusammenhalten",Horizontal battens that hold the paxiúbal batts of the wall together in the middle,,,,,,bū́tumaa,,,,240,816
"Balken, die auf den Paxiúbalatten der Wand aufsitzen und das Dach tragen",Beams that sit on the Paxiúbalatten on the wall and support the roof,,,,,,koālapái(a),,,,241,816
"Balken, die auf den Paxiúbalatten der Wand aufsitzen und das Dach tragen",Beams that sit on the Paxiúbalatten on the wall and support the roof,,,,,,kóālapái(e),,,,242,816
Schräge Dachsparren,Sloping rafters,Caibros inclinados,,,,,uiuahoa,,,,243,816
Dachbekleidung aus Blättern der Caraná Palme,Roof cladding made from leaves of the Caraná palm tree,Revestimento do telhado feito de folhas de caraná,,,,,muía,,,,244,816
Dachbekleidung aus Blättern der Caraná Palme,Roof cladding made from leaves of the Caraná palm tree,Revestimento do telhado feito de folhas de caraná,,,,,muī́ya,,,,245,816
"Horizontalsperren, an denen diese Caraná Blätter befestigt sind",Horizontal barriers to which these Caraná leaves are attached,Barreiras horizontais onde essas folhas de caraná são conectadas,,,,,muipái(a),,,,246,816
Rauchfang,Chimney,Chaminé,,,,,pā́sikope̠a,,,,247,816
Rauchfang,Chimney,Chaminé,,,,,pā(t)sikope̠a,,,,248,816
Pflanzung,Planting,Plantio,poé̠,,é̥ba,,diyóa,,yakotaḥī́re̥,,249,816
Pflanzung,Planting,Plantio,,,é̥(x)ba,,,,,,250,816
Fackel,Torch,Tocha,me̥pe̥lí,,,,,,,,251,816
Hefen,Yeast,Levedura,,,,,pā́pitaka,,,,252,816
Lagerplatz in Walde (l. g.. mitasáua),Storage place in forest (l. G .. mitasáua),Local para armazenar coisas na floresta,,,,,kōlimatá,,,,253,816
"Gerüst im Haus, um Sachen darauf zu legen oder daran zu hängen",Scaffolding in the house to put things on or hang on,Plataforma na casa para colocar ou pendurar coisas,kāyá,,,,,,,,254,816
Sitzschemel,Stool,Banco,tsē̠ró,,dóama,,dúpalikumúa,,ká̠u,,255,816
Sitzschemel,Stool,Banco,,,,,lúpalikumúa,,,,256,816
Curauáfasern,Curauá fiber,Fibra de carauá,yohó,,,,,,,,257,816
Hängmatte,Hammock,Rede,pṹ(g)ẽ,,púe,,páua,,ḥā́e,,258,816
Hängmatte,Hammock,Rede,pũ(g)ẽ́,,,,,,,,259,816
Hängematte aus Baumwolle,Cotton hammock,Rede de algodão,,,,,,,i(i)otáḥae,,260,816
Hängemattenstricke,Hammock ropes,Corda da rede,,,pue(x)kā́lu,,paukáno,,,,261,816
Baumwolle,Cotton,Algodão,yulá,,yuláme̠,,yutáka,,i'(i)ótāre̥,,262,816
Baumwolle,Cotton,Algodão,yurá,,,,yu(x)táka,,,,263,816
Tuch,Cloth,Tecido,tsū́līro,,,,sā́ya,KG '(portugiesisch)',,,264,816
Tragkorb der Weiber,Carrying basket of women,Cesto de carga para mulheres,púibu,,pé̥i,,piía,,ó(o)atu,,265,816
Tragbkorb der Männer um Coca-Blätter zu holen,Men's carrying basket to get coca leaves,Cesto de carga para homens coletarem folhas de coca,,,,,uarū́rapiia,,,,266,816
Hangkörbchen,Hanging basket,Cesto para pendrar,puítsamu,,,,,,,,267,816
Flacher Korb für Mandiocafladen (Beijús) usw.,Flat basket for mbeiju etc.,Cesto plano para beiju etc.,u(e)hḗ̠ku̠ru̠,,náxkala,,popóloka,,te̥lolípuku,,268,816
"Großes, flaches, feines, Mandiocasieb",Large flat fine manioc strainer,"Coador grande, plano e fino para mandioca",tsīrúli,,yáegé̥le̥,,bīkaripe̠pe̠,,tī́lōri,,269,816
"Großes, flaches, feines, Mandiocasieb",Large flat fine manioc strainer,"Coador grande, plano e fino para mandioca",,,,,mikalípe̠pe̠,,,,270,816
"Großes, flaches, gröberes Mandocasieb",Large flat coarser manioc strainer,"Coador grande, plano e rústico para mandioca",tsī́bulu,,,,pe̠pé̠a,,,,271,816
"Großes, flaches, gröberes Mandocasieb",Large flat coarser manioc strainer,"Coador grande, plano e rústico para mandioca",tsī́buru,,,,,,,,272,816
"Flacher, grober Korb zum Aufbewahren von Füchten, Knollen usw.","Flat coarser basket for storing fruits, bulbs etc.","Cesto plano e rústico para armezenar frutas, bulbos etc.",ōé̠,,,,,,,,273,816
Tiefer Korb zum Aufbewahren von Farinha (Mandiocamehl),Deep basket for storing farinha (manioc flour),Cesto fundo para armazenar farinha de mandioca,dē̠ne̠mú,,,,,,,,274,816
Zylinder aus Baumrinde zum Aufbewahren von Mandiocamasse,Cylinder made of tree bark for storing manioc dough,Cilindro feito de casca de árvore para armezenar massa de mandioca,ṓsetsalino,,,,,,,,275,816
"Kleines, runder, sehr feines Sieb, um Cocapulver zu sieben.",Small round very fine sieve to sieve coca powder,"Peneira pequena, redonda e bem fina para pó de coca",,,,,bikalípe̠pe̠makanaka,,,,276,816
Matte zum Zudecken von Gefäßen,Mat for covering vessels,Tapete para cobrir os recipientes,be̠hē̠ró,,,,,,,,277,816
Geflochtener Schlauch (tipiti) zum Auspressen der Mandiocamasse,Braided tube (tipiti) for squeezing the manioc dough,Tubo transado (tipiti) para espremer a massa da mandioca,uaxtíke̠ru,,pī́nu,,ã̄nyã́pakeaka,,ãyã́ḥāke̥,,278,816
Viereckige Tasche der Männer aus Tucumschnüren für Kleinkram,Square men's tucum cord bag for small items,Saco quadrado  masculino de cordão de tucum para itens pequenos,,,,,uahúa,,,,279,816
Viereckige Tasche der Männer aus Tucumschnüren für Kleinkram,Square men's tucum cord bag for small items,Saco quadrado  masculino de cordão de tucum para itens pequenos,,,,,uahupíy(e),,,,280,816
Strickrahmen z. Verfertigen dieser Taschen,Knitting frame z. manufacture these bags,,,,,,uahutakóa,,,,281,816
Feuerfächer,Fire fans,Abano,uē̠ré̠no,,,,ue̠nia,,,,282,816
Feuerfächer,Fire fans,Abano,uē̠lé̠no,,,,,,,,283,816
Kalabasse,Calabash,Cabaça,,,,,,,,,284,816
große Kalabasse,Big calabash,Cabaça grande,kóatsuru,,kóa,,pé̠takoa,,kṓrokia,,285,816
kleine Kalabasse zum Schöpfen,Small calabash for scooping,Cabaça pequena para escavar,kóalu,,kóamã(g)ẽ,,pé̠takomakanaka,,kṓrokolei̯kia,,286,816
kleine Kalabasse zum Schöpfen,Small calabash for scooping,Cabaça pequena para escavar,kóāru,,,,,,,,287,816
Kochtopf,Cooking pot,Panela,kīpútsu̠ru̠,,tx̯ó(o)lo,,hotoitahá,,hḗ̠ne̠ke̠alo,,288,817
Kochtopf,Cooking pot,Panela,,,t(š)ó(o)lo,,,,,,289,817
Kochtopf,Cooking pot,Panela,,,sṓro,,,,,,290,817
Kochtopf,Cooking pot,Panela,,,sṓlo,,,,,,291,817
Eiserner Kochtopf,Iron saucepan,Panela de ferro,kōme̠tsoró,,,,,,,,292,817
Großer Kaschiritopf,Large kashiri pot,Jarro grande para caxiri,,,,,hotopakie̠ká,,,,293,817
"Tiefe Topfschale, in der man Mandiocamasse gären läßt",Deep bowl in which you can ferment the manioc,Tigela funda para fermentar a mandioca,tsōlópa,,,,,,,,294,817
"Tiefe Topfschale, in der man Mandiocamasse gären läßt",Deep bowl in which you can ferment the manioc,Tigela funda para fermentar a mandioca,tsōrópa,,,,,,,,295,817
"Große, flachere Topfschale für Manicuéra (abgekochten Mandiocasaft)",Large flatter saucepan for manicuéra (boiled manioc juice),Panela grande mais plana para manicuera,yoxkátsolo,,,,,,,,296,817
"Große, flachere Topfschale für Manicuéra (abgekochten Mandiocasaft)",Large flatter saucepan for manicuéra (boiled manioc juice),Panela grande mais plana para manicuera,yoxkátsoro,,,,,,,,297,817
Tongefäß für das Getränk,Clay vessel for the drink,Recipiente de argila para bebidas,gaxbī́tsolo,,,,,,,,298,817
Tongefäß für das Getränk,Clay vessel for the drink,Recipiente de argila para bebidas,gaxbī́tsoro,,,,,,,,299,817
Wassertopf mit zwei Henkein,Water pot with two handles,Jarro de água com duas alças,tsōróbu,,,,ókolihotó,,,,300,817
Wassertopf mit zwei Henkein,Water pot with two handles,Jarro de água com duas alças,,,,,hokólihoto,,,,301,817
Tonschale,Clay bowl,Tigela de argila,,,,,tsē̠róa,KG '(Tipfschake für Coca)',,,302,817
Tonschale,Clay bowl,Tigela de argila,,,,,tā́pioto,,,,303,817
Schale für Coca,Bowl for coca,Tigela para coca,,,gaxpipáxtsula,,,,,,304,817
Tonschale mit Fuß als Handgriff,Clay bowl with foot as handle,,,,,,muákahe̠,,,,305,817
Töpferton,Clay,Argila,mā́ta,,,,,,,,306,817
Sanduhrförmiges Gestell aus Stäbchen für Gefäße,Hourglass-shaped frame made of sticks for vessels,Moldura com formato de ampulheta feita de gravetos para recipientes,yuiró,,,,,,,,307,817
Mörser,Mortar,Pilão,pāmṓno,,,,taāpitúalike,KG '(f. Coca)',,,308,817
Stössel,Pestle,Socador (do pilão),yuxké̥ke̥,,,,taāpitualikeyapúa,,,,309,817
Herdplatte,Stove top,"Chapa, forno para beiju","gālálu,",,(n)gā́la,,hōtía,KG '(für Coca)',,,310,817
Herdplatte,Stove top,"Chapa, forno para beiju",gāráru,,,,,,,,311,817
Tönerne,Earthenware,Louça de barro,pe̠áme̠ye̠,,,,,,,,312,817
Bratrost,Gridiron,Grelha,uaikaya,,neā(d)yá,,ā́hia,,há(a)te̥ri,,313,817
Mandiocareibebrett,Manioc grater,"Ralador de mandioca, ralo de mandioca",tsṹ(g)ũrũ,,,,ā́tahokoa,,,,314,817
"Holzzylinder, in dem Coca geklopft wird",Wooden cylinder in which coca is tapped,Cilindro de madeira onde a coca é macerada,,,,,taā́pipalikía,,,,315,817
"Holzzylinder, in dem Coca geklopft wird",Wooden cylinder in which coca is tapped,Cilindro de madeira onde a coca é macerada,,,,,taā́pipanikía,,,,316,817
Cocaklopfer,Coca hammer,Martelo para coca,,,,,(t)sopálikiuahóa,,,,317,817
Bastsäckchen für Coca,Raffia bags for coca,Sacos de ráfia para coca,,,,,taā́piuaho,,,,318,817
"Hohler Vogelknochen, um Coca zu saugen",Hollow bird bones for sucking coca,Ossos ocos de ave para sugar coca,,,,,taā́piūlikukia,,,,319,817
Kalabasse mit Deckel als Cocabehälter,Calabash with lid as a coca container,Cabaça com tampa para ser um conteiner de coca,,,,,ulé̠raka,,,,320,817
Holzdeckel zu dieser Kalabasse,Wooden lid for this calabash,Tampa de madeira para essa cabaça,,,,,takū́li(e),,,,321,817
"Knochenlöffel, mit dem Coca genommen wird",Bone spoon used to take coca,Colher de osso para pegar coca,,,,,taā́pipái(e),,,,322,817
Beil,Axe,Machado,kumé,,kū́mi,,kōmé̠a,,komé̠tako,,323,817
Steinbeil,Stone axe,Machado de pedra,yēlékume,,,,ā́takome̠a,,,,324,817
Messer,Knife,Faca,mā́du̠mhi,,yé̥ipai,,uīropái,,ué̥ta,,325,817
Messer,Knife,Faca,,,yé̥ipa(h)i,,,,,,326,817
Waldmesser,Forest knife,Faca de sobrevivência,yoā́limhi,,,,sarasára,,,,327,817
Einbaum,Tree,Árvore,yuxké̥tsiru,,kumú,,kumóa,,kóōre̥,,328,817
Einbaum,Tree,Árvore,,,,,ūbá,,ubá,,329,817
Ruder,Rudder,Leme,uḥ(e)abú,,ue̠ai̯pá(h)i,,uē̠lopáy(e),,kṓlike̠alo,,330,817
Lattengitter im Boot Schutzgegen das Kielwasser,Grid on the boat for protection against backflow,Grade de rede no barco para proteção contra o refluxo,yuxké̥kāya,,,,,,,,331,817
Sonnendach (tolda) über dem Boot,Sun canopy (tolda) over the boat,Tolda do barco,yuxke̥tsíruii,,,,,,,,332,817
Bogen,Bow,Arco,buiríbe̠ro,,patupá(h)i,,te̠mupái(a),,pā́tola,,333,817
Bogen,Bow,Arco,,,,,te̠mupáy(e),,,,334,817
Bogensehne,Bowstring,Corda do arco,buirikano,,,,,,,,335,817
Pfeil,Arrow,Flecha,ā́noi̯ye,,gā́le̥e,,ālía,,kiánekia,,336,817
Pfeil,Arrow,Flecha,ā́noye,,(ṅ)gā́le̥e,,ālí(e),,,,337,817
Große vergiftete Pfeile für Hochjagd,Large poisoned arrows for high hunting,Flechas grandes envenedadas para caçar,,,,,te̠ube̠hó,,,,338,817
Futteral für die Spitzen dieser Giftpfeile,Case for the tips of these poison arrows,Estojo para as pontas dessas flechas envenenadas,,,,,te̠ube̠uíya,,,,339,817
Fischpfeil mit doppelter Eisenspitze,Fish arrow with double iron point,Flecha para peixe com ponta dupla de ferro,,,,,ālitsé̠tse̠a,,,,340,817
Harpunenpfeil,Harpoon arrow,Flecha de arpão,,,,,ālía,,,,341,817
Eiserne Harpune dieses Pfeils,Iron harpoon of this arrow,Arpão de ferro dessa flecha,,,,,se̠mokoloaígabi,,,,342,818
Spitze der Harpune,Tip of the harpoon,Ponta do arpão,,,,,kau̯hanikía,,,,343,818
Widerhaken der Spitze,Barb of the tip,Farpa da ponta,,,,,soāgá,,,,344,818
Umwicklung der Spitze,Wrap around the top,Invólucro envolta da ponta,,,,,sapī(i)pḗ̠(e̠)ga,,,,345,818
"Holzastab, in den die Harpune gestecket wird",Wooden stick into which the harpoon is inserted,Graveto de madeira onde o arpão é inserido,,,,,se̠nyix̯ká,,,,346,818
Rohrschaft des Harpunenpfeils,Pipe shaft of the harpoon arrow,Tubo da flecha do arpão,,,,,sālía,,,,347,818
Handende des Rohrschaftes,Hand end of the tubular shaft,Final do tubo,,,,,sālítae̠ga,,,,348,818
Schnur der Harpune,Harpoon string,Corda do arpão,,,,,se̠kā́noa,,,,349,818
Pech,Resin,Breu,komḗ̠pi,,,,mānyé̠,,,,350,818
Keule,Club,Clava,,,toatíe̥,,kuhía,,pṓnape̥,,351,818
Keule,Club,Clava,,,,,kuía,,,,352,818
Schnur der Keule,String of the mace,Corda do martelo,,,,,kuikánoa,,,,353,818
Blasrohr,Blowgun,Zarabatana,buxhū́lu,,puhúlu,,pū́puaga,,ḥé̥ḥoio,,354,818
Blasrohr,Blowgun,Zarabatana,buxhū́ru,,,,pū́puoga,,,,355,818
Blasrohr,Blowgun,Zarabatana,buḥū́ru,,,,,,,,356,818
Blasrohrpfeilchen,Blowgun arrow,Flecha para zarabatana,uáxkali,,ua(x)ká,,póakaga,,he̥ḥóākia,,357,818
Mundstück des Blasrohres,Mouthpiece of the blowgun,Bocal da zarabatana,,,,,pū́poitobe̠,,,,358,818
Köcher für die Giftpfeilchen,Quiver for the poison arrows,Aljava de flechas envenenadas,bū́yapoka,,puhúue̥é̥li,,poakau̯ía,,ḥeḥópato,,359,818
Pfeilgift,Poison dart,Dardo envenenado,nīmá,,nimá,,namitagá,,pé̠tōre̥,,360,818
Pfeilgift,Poison dart,Dardo envenenado,,,,,,,pé̠'tōre̥,,361,818
Baumseide (Samaúma) zum Umwickeln der Blasrohrpfeilchen,Tree silk (samaúma) to wrap the blowgun sticks,Tecido de samaúma para enrolar os dardos da zarabatana,buyá,,pohá,,uitóa,,ḥe̥ḥóḥoire̥,,362,818
Baumseide (Samaúma) zum Umwickeln der Blasrohrpfeilchen,Tree silk (samaúma) to wrap the blowgun sticks,Tecido de samaúma para enrolar os dardos da zarabatana,,,,,ui(x̯)tóa,,,,363,818
Giftlanze,Poison lance,Lança envenenada,,,,,be̠hóa,,,,364,818
Futteral für die Spitzen der Giftlanzen,Futteral for the tips of the poison lances,,,,,,be̠hóia,,,,365,818
Spitze der Giftlanze,Point of the poison lance,Ponta da lança envenenada,,,,,be̠holéa,,,,366,818
Schild,Shield,Escudo,uabḗ̠ro,,,,,,,,367,818
Kriegsschild,War shield,Escudo de guerra,,,,,áḥe̠a,,,,368,818
Fischnetz,Fishnet,Rede de pesca,uhḗrike,,uáikóa(d)ya,,uapúa,,má(a)hāpu,,369,818
Fischnetz,Fishnet,Rede de pesca,,,,,ua(x)púa,,,,370,818
Große Reuse,Big trap,Armadilha grande,ā́lubu,,,,nikópika,KG '(Reusa)',,,371,818
Kleine Reuse,Small trap,Armadilha pequena,de̥li,,,,,,,,372,818
Fischfalle,Fish trap,Armadilha para peixe,úai̯ru,,,,,,,,373,818
Angel,Fishing rod,Vara de pesca,u(e)hḗ̠riru,,bitai̯góp̌e̠ka,,potá,,koḥé̠liri,,374,818
Angelschnur,Fishing line,Linha de pesca,,,,,potákano,,,,375,818
Gewehr,Gun,Arma de fogo,pé̠age̥,,pé̠a,,pe̠ká,,hé̠(e̠)kiakia,,376,818
Pulver,Gunpowder,Pólvora,pe̠ánhua,,pé̠anuku,,pe̠káua,,he̠kiakiáḥuāliri,,377,818
Pulver,Gunpowder,Pólvora,,,,,pe̠káue̯,,,,378,818
Schrot,Shot,Tiro,pe̠áyeri,,pe̠agóp̌eka,,pé̠kayape̠,,he̠kiaiē̠re̥,,379,818
Hüftschnur,Hip cord,Cordão da cintura,uáyalidā,uáyalidã,yapḗ̠romisi,,oahokálo,,u̠atóua(a),,380,818
Schambinde des Mannes,Man's loincloth,Tanga masculina,uaxsúru,,yapḗ̠ro,,,,u̠atóḥuru,,381,818
Schambinde des Mannes,Man's loincloth,Tanga masculina,,,,,uahóa,,,,382,818
Schambinde des Mannes,Man's loincloth,Tanga masculina,,,,,oahóa,,,,383,818
Schamschurz der Frau,Woman's loincloth,Tanga feminina,yai̯iuáxsuru,,,,,,,,384,818
Schamschurz der Frau,Woman's loincloth,Tanga feminina,yai̯iuáxsulu,,,,,,,,385,818
Breiter Bastgürtel (Tracht der Männer),Wide raffia belt (men's costume),Cinto largo de ráfia (traje masculino),,,,,oaḗ̠(d)yoka,,,,386,818
Armbänder aus Bast (Tracht der Männer),Bracelets made of raffia (men's costume),Braceletes feitos de ráfia (traje masculino),,,,,hu'tšía,,,,387,818
Armbänder aus Bast (Tracht der Männer),Bracelets made of raffia (men's costume),Braceletes feitos de ráfia (traje masculino),,,,,hihohut(š)ía,,,,388,818
"Weichere Baststreifen, um Gürtel und Armbänder festzubinden",Softer strips of raffia to tie belts and bracelets,Pedaços mais maleáveis de ráfia para amarrar cintos e braceletes,,,,,pṓnaka,,,,389,818
Männerzopf,Male braid,Trança masculina,,,,,lu̠pu̠koá,,,,390,818
Männerzopf,Male braid,Trança masculina,,,,,de̥pūkoá,,,,391,818
Bastumwicklung des Zopfes,Raffia wrap around the braid,Ráfia enrolada em torno da trança,,,,,lu̠pu̠é̠meoka,,,,392,818
Bastumwicklung des Zopfes,Raffia wrap around the braid,Ráfia enrolada em torno da trança,,,,,de̥pu̠é̠meoka,,,,393,818
Spiegel,Mirror,Espelho,díuru,,,,ōpé̠li(e),,,,394,818
Spiegel,Mirror,Espelho,díulu,,,,,,,,395,818
Nadel,Needle (for sewing),Agulha,,,,,pḗ̠repota,,,,396,818
Ohrring,Earring,Brinco,tsíāli,,,,,,,,397,818
Perlen,Pearl,Pérola,,,,,yake̠tukúa,,,,398,818
Koffer,Box or chest,Caixa ou baú,ohókomono,,,,,,,,399,818
Kamm,Comb,Pente,pē̠yóue(a)ro,,(ṅ)gé̥ege̥le̥,,iipáya,,ké̥(i)la̠,,400,818
Kamm,Comb,Pente,,,,,iipáy(e),,,,401,818
"Feine Kopffederbinde, Galaschmuck (lingoa yamáhapoa geral: kangatára) mahápoali (Ararafedern)","Fine head feathers, gala jewelery (lingoa yamáhapoa geral: kangatára) mahápoali (macaw feathers)","Cocar, endumentária",mahā́poali,,yamáhapoa,,ui(i)báy(e),,mā́hoi̯re̥,,402,818
Kopfputz aus Tukanfederchen in Strohreif,Headdress made of toucan feathers in straw,Cocar feito com penas de tucano e palha,n(d)axsiṅgurútsuame̠,,,,,,,,403,819
Strohreif zu diesem Schmuck,Straw frost on this jewelry,,pḗ̠yalĩ(g)e,,,,,,,,404,819
"Tanzgerät, das eine Fischreuse darstellt und am Zopf getragen wird",Dance device that represents a fish trap and is worn on the braid,Dispositivo de dança que representa uma armadilha de peixe e é usado na trança,,,,,nikópika,,,,405,819
"Araraschwanzfeder, die an diesem Tanzgerät getragen wird",Macaw tail feather that is worn on this dance device,Pena da cauda da arara que é usada nesse dispositivo de dança,,,,,haúlapikoa,,,,406,819
Langer Nasenstab aus geglättetem Palmholz,Long nose piercing made of smoothed palm wood,Piercing de nariz longo feito de madeira de palmeira polida,,,,,ōme̠té̠ni(e),,,,407,819
Armband aus geschnitzten Tucumáfruchtschalen,Carved tucumá fruit peel bracelet,Bracelete curvado de pele da fruta tucumá,,,,,pī́re̠a,,,,408,819
Kniebänderz aus Curauáfasern gewebt,Knee band woven from curauá fibers,Faixa para o joelho de fibra de tucumá,yuláseri,,,,,,,,409,819
"Quarzzylinder, Brustschmuck der Männer","Quartz cylinder, men's breast jewelry","Cilindro de quartzo, jóia maculina para os peitos",e̥xtā́puru,,,,,,,,410,819
"Quarzzylinder, Brustschmuck der Männer","Quartz cylinder, men's breast jewelry","Cilindro de quartzo, jóia maculina para os peitos",e̥xtā́pulu,,,,,,,,411,819
"Shwarze Samen, die stets mit diesem Quarzschmuck verbunden sind",Black seeds that are always associated with this quartz jewelry,Sementes pretas que são sempre associadas a esse cilindro de quartzo,bī́ka,,,,kanyíríka,,,,412,819
Halskette aus schwarzen Cocons,Necklace made from black cocoons,Colar feito de casulos pretos,,,,,tupúlakoa,,,,413,819
Halskette aus grauen Grassamen (Sta. Maria Capim),Necklace made from gray grass seeds (Sta.Maria Capim),Colar feito de sementes de erva-de-santa-maria,,,,,óaka,,,,414,819
Tanzmaskenanzug,Cerimonial mask,Máscara para cerimônias,,,uá(x)so,,ōpire̠kóa,,,,415,819
Tanzmaskenanzug,Cerimonial mask,Máscara para cerimônias,,,uá(x)(t)sagát(š)i,,,,,,416,819
Bastjacke des Maskenanzuges,Raffia jacket of the mask suit,Jaqueta de ráfia para o traje com máscaras,,,uax(t)sagá(t)(š)i,,uaḥolítamaka,,,,417,819
Bastbehang des Maskenanzuges,Raffia hanging of the mask suit,Fios de ráfia pendentes do traje,,,yágaha,,(n)yapúa,,,,418,819
Gesichtsüberzug aus Bast,Face cover made of raffia,Cobertura para o resto feito de ráfia,,,,,uaḥóa,,,,419,819
Hölzerner Kopfaufsatz des Maskenanzuges,Wooden headpiece of the mask suit,Chapéu de madeira do taje,,,,,salupukóa,,,,420,819
Hölzerner Kopfaufsatz des Maskenanzuges,Wooden headpiece of the mask suit,Chapéu de madeira do taje,,,,,sadupukóa,,,,421,819
Hölzerner Kopfaufsatz des Maskenanzuges,Wooden headpiece of the mask suit,Chapéu de madeira do taje,,,,,uā́kilupukoa,,,,422,819
Hölzerner Kopfaufsatz des Maskenanzuges,Wooden headpiece of the mask suit,Chapéu de madeira do taje,,,,,uā́kidupukoa,,,,423,819
Ohren an diesem Kopfaufsatz,Ears on this headpiece,Orelhas nesse chapéu,,,,,a(a)múa,,,,424,819
Weiße Flaumfedern an diesen Ohren,White down feathers on those ears,Penas brancas nessas orelhas,,,,,amuuítoa,,,,425,819
Randbemalung des Kofaufsatzes,Edge painting of the headpiece,Pintura nos cantos desse chapéu,,,,,mé̠ne̠pikai,,,,426,819
Randbemalung des Kofaufsatzes,Edge painting of the headpiece,Pintura nos cantos desse chapéu,,,,,só(o)lika,,,,427,819
Randbemalung des Kofaufsatzes,Edge painting of the headpiece,Pintura nos cantos desse chapéu,,,,,uá(a)lē̠ka,,,,428,819
Zopf des Maskenanzuges,Braid of the mask suit,Trança da máscara do taje,,,,,lupué̠me̥oka,,,,429,819
Zopf des Maskenanzuges,Braid of the mask suit,Trança da máscara do taje,,,,,dupué̠me̥oka,,,,430,819
Tanzrassel (Kürbisrassel),Dance rattle (pumpkin rattle),Chocalho de dança (chocalho de abóbora),yaxsá,,(t)saxtsée̥le̥,,yapube̠hó,,kṓ(o)kiare̥,,431,819
Tanzrassel (Kürbisrassel),Dance rattle (pumpkin rattle),Chocalho de dança (chocalho de abóbora),,,sasá,,,,,,432,819
"Tanzklappern aus halbierten Fruchtschalen, die um den Fußköchel getragen werden","The clatter of dance from halved fruit pods, which are worn around the ankle",,oḗ̠du,,tsē̠oá,,uā(d)yá,,kúikoīre̥,,433,819
Tanzstab aus ausgehöhltem Ambaúvaholz,Dance pole made of hollowed ambaúva wood,Poste de dança feito de madeira oca de Ambaúva,ṓyuxku,,,,uālá,,,,434,819
Stiel der Tanzrassel,Handle of the dance rattle,Cabo do chocalho de dança,,,,,hahaniká,,,,435,819
Schlitz der Tanzrassel,Slot of the dance rattle,Buraco do chocalho de dança,,,,,tsamaapiáe̠ka,,,,436,819
Ritzmuster auf der Tanzrassel,Incised pattern on the dance rattle,Padrão entalhado no chocalho de dança,,,,,oóe̠ka,,,,437,819
Ritzmuster auf der Tanzrassel,Incised pattern on the dance rattle,Padrão entalhado no chocalho de dança,,,,,tsabe̠óe̠ka,,,,438,819
Ritzmuster auf der Tanzrassel,Incised pattern on the dance rattle,Padrão entalhado no chocalho de dança,,,,,mé̠ne̠pikahe̠a,,,,439,819
Gewöhnliche Flötenpfeife aus Rohr,Ordinary flute pipe made of pipe,Flauta comum feita de tubo,tā́lusulu,,tx̯ḗ̠bola,,pū́puliki,,,,440,819
Gewöhnliche Flötenpfeife aus Rohr,Ordinary flute pipe made of pipe,Flauta comum feita de tubo,,,tx̯ḗ̠bo,,uālá,,,,441,819
Gewöhnliche Flötenpfeife aus Rohr,Ordinary flute pipe made of pipe,Flauta comum feita de tubo,,,yasḗ̠bo,,,,,,442,819
Panpeife,Panpipe,Flauta de pã,tā́lusuba,,tx̯ḗ̠bo(d)ya,,he̠hḗ̠roka,,se̠sé̠ri,,443,819
Panpeife,Panpipe,Flauta de pã,,,(t)sḗ̠bo(d)ya,,,,,,444,819
Panpeife,Panpipe,Flauta de pã,,,sḗ̠bo,,,,,,445,819
Hölzerne Signaltute,Wooden horn,Trumpa de madeira,,,,,ūlía,,,,446,819
Signaltute aus Ton,Sound signal horn,Trompa do sinal de som,,,,,ūlía,,,,447,819
Große Signaltrommel,Big signal drum,Tambor grande de sinal,tóatole,,,,yapu(u)tásie,,,,448,819
"Rundtanz, Gesang",Round dance while singing,Dança de roda enquanto canta,bāyála,,,,bā(d)yá,,ópaie̥,,449,819
Yuruparý-Tanzfest,Yuruparý dance festival,Vestival de dança Jurupari,,,,,ué̠koa malā́bē̠na,,,,450,819
laßt uns tanzen!,Let's dance!,Vamos dançar!,,,,,ué̠koa malā́bē̠na,,,,451,819
Yuruparý-Peitsche,Yuruparý whip,Chicote Jurupari,,,,,úaḥoa,,,,452,819
Kleine Flötenpfeife,Small flute pipe,Flauta de pã pequena,,,,,óaka,,,,453,820
Größere Flötenpfeife,Larger flute pipe,Flauta de pã maior,,,,,uahu(m)bolituga,,,,454,820
Große Flötenpfeife,Big flute pipe,Flauta de pã grande,,,,,kahíoaka,,,,455,820
Sehr große Flötenpfeife,Very large flute pipe,Flauta de pã muito grande,,,,,yátai̯ga,,,,456,820
Tute,Bag,Bolsa,,,,,te̠alíue̠koa,,,,457,820
Große Tute,Big bag,Bolsa grande,,,,,mamiyimí,,,,458,820
Kaschiri,Kasiri,Caxiri,pé̠(a)ru,,báapa(d)yau̯alu,,hīsínoko,,kíasiri,,459,820
Kaschiri,Kasiri,Caxiri,pē̠yáru,,báapa(d)yau̯aru,,,,,,460,820
Kaschiri,Kasiri,Caxiri,pē̠yálu,,,,,,,,461,820
"Manicuéra (süßer, abgekochter Mandiocasaft)",Manicuéra (sweet boiled mandioca juice),Manicuera,yoxká,,,,nóḳoa,,,,462,820
Cachaça (Rum),Cachaça (rum),Cachaça,tsī́puli,,,,,,,,463,820
Coca,Coca,Coca,axpí,,gā́(x)pi,,taā́biku,,tā́ḥire̥,,464,820
Coca,Coca,Coca,axbí,,gā́pi,,,,,,465,820
Asche aus Ambaúvablättern als Zusatz zu Coca,Ash from Ambaúva leaves as an additive to coca,Cinzas das folhas de ambuava como um aditivo à coca,,,,,gaā́pimóa,,,,466,820
"Kugelige, polierte Kalabasse für Coca (nur bei Festlichkeiten getragen)",Round polished calabash for coca (only worn during festivities),Cabaça esférica e polida para coca (apenas usadas nos festivais),axpíndi(y)eriru,,,,,,,,467,820
Hohler Reiherknochen zu diesem Gerät,Hollow heron bones to this device,Ossos ocos de garça desse dispositivo,yaxhigoa,,,,,,,,468,820
"Wachsstöcke aus Inambúfedern, die in Bienenwachs getaucht und dann zusammengebogen werden",Wax sticks made from Inambú feathers that are dipped in beeswax and then bent together,"Paus de cera feitos de penas de inambu, as quais são mergulhadas em cera de abelha e coladas juntas",,,,,mumiákakoa,,,,469,820
Mensch,Human,Humano,e̥me̥(g)é̥,,é̥me̥,,imíliha,,láe̥,,470,820
Leute,People,Pessoas,maxsá,,mā́(x)sa,,poe̠mahá,,mā́(a)tare̥,,471,820
Leute,People,Pessoas,,,má(x)(t)sa,,,,,,472,820
Mann,Man,Homem,e̥me̥(g)é̥,,é̥me̥,,imíliha,,láe̥,,473,820
Ehemann,Husband,Marido,yégolope̥,,,,yinū́mu,,,,474,820
Ehemann,Husband,Marido,yégorope̥,,,,,,,,475,820
Vater,Father,Pai,yée̥pe̥,,yé(e̥)pé,,yipā́ki,,hā́ke̥,,476,820
Vater,Father,Pai,yépe̥,,,,,,,,477,820
Papa,Daddy,Papai,aé̥,,āí,,ābí,,,,478,820
Papa,Daddy,Papai,,,āé̥,,,,,,479,820
Mutter,Mother,Mãe,yée̥po,,yé(e̥)pó,,yipā́ko,,hā́ko,,480,820
Mutter,Mother,Mãe,yépo,,,,,,,,481,820
Mama,Mummy,Mamãe,mē̠ó,,mai,,mai,,,,482,820
Schwievatter,Father-in-law,Sogro,ne̥má,,,,,,lē̠kíake̥,,483,820
Schwiegermutter,Mother-in-law,Sogra,uānió,,,,,,lē̠kíako,,484,820
Kind,Child,Criança,maxĩ(g)ẽ́,,siī́ṅgee̥,,mē̠ní,,nī́ya,,485,820
Kind,Child,Criança,,,(t)siī́ṅgee̥,,mē̠'ní,,,,486,820
Säugling,Infant,Bebê,díalu,,,,,,,,487,820
mein Sohn,My son,Meu filho,yémã(g)ẽ,,yee̥mã́(g)e̥,,yimā́ki,,nī́ya,,488,820
mein Sohn,My son,Meu filho,,,yée̥mã̄(g)e̥,,,,símāke̥,,489,820
Enkel,Grandson,Neto,yépanami,,,,,,,,490,820
Knabe,Boy,Menino,mámala,,siī́ṅgee̥,,mē̠ní,,,,491,820
Knabe,Boy,Menino,,,(t)siī́ṅgee̥,,,,,,492,820
Jüngling,Youth,Jovem,,,be̥gé̥masi,,,,mā́nuḥāke̥,,493,820
Bruder,Brother,Irmão,,,nihá,,yimā́'mi,,sínehine̠,,494,820
älterer Bruder,Older brother,Irmão mais velho,gamú,,,,,,,,495,820
jüngerer Bruder,Younger brother,Irmão mais novo,kamĩ́(g)ã,kamī́(g)ā,,,,,,,496,820
Schwager,Brother in law,Cunhado,yébaxsulina,,,,yuamahí,,,,497,820
Schwester,Sister,Irmã,,,niháma,,áo,,síkoako,,498,820
ältere Schwester,Older sister,Irmã mais velha,dió,,,,,,,,499,820
üngere Schwester,Younger sister,Irmã mais nova,kamĩ́(g)ã,kamī́(g)ā,,,,,,,500,820
Schwägerin,Sister in law,Cunhada,yépuibo,,,,,,,,501,820
Weib,Woman,Mulher,nomé̠,,númi,,nomó,,lā́(a)ko,,502,820
Weib,Woman,Mulher,,,,,,,lā́ko,,503,820
Gattin,Wife,Esposa,yémanape̥,,,,,,,,504,821
seine Gattin,His wife,Esposa dele,,,,,kinumu,,,,505,821
Mädchen,Girl,Menina,,,mā́be̥ga,,bi(x̯)kinínomo,,,,506,821
Tochter,Daughter,Filha,yémã(g)õ,,yee̥mã́(g)ã,,yimákipako,,símako,,507,821
Enkelin,Granddaughter,Neta,yépanameo̯,,,,,,,,508,821
Witwe,Widow,Viúva,uaxpéweyo,,,,,,,,509,821
Oheim,Uncle,Tio,uai,,me̥āmé̥,,aá,,aké̥lame̥,,510,821
Tante,Aunt,Tia,be̥ámo,,,,kā́ko,,pā́ko,,511,821
Vetter,Male cousin,Primo,mé̠oke,,,,,,,,512,821
Base,Female cousin,Prima,mé̠oko,,,,,,,,513,821
Greis,Old man,Velho,bē̥gé̥,,bé̥ge̥,,,,bé̥ike̥,bé̥íke̥,514,821
Greisin,Old woman,Velha,bē̥ló,,bé̥ga,,,,bé̥iko,,515,821
Großvater,Grandfather,Avô,yēyex̯ké̥pe̥xkero,,guú,,pā́kie̠ki,,sī́ke̥,,516,821
Großmutter,Grandmother,Avó,mé̠abe̥lo,,(t)soi,,pā́kiako,,sī́ko,,517,821
Großmutter,Grandmother,Avó,mé̠abe̥ro,,,,,,,,518,821
Häuptling,Chief,Chefe,oxpé̥,,máhi,,īpí,,ḥé̥(e)he̥,,519,821
Weißer,White man,Homem branco,pe̠ā́maxsa,,kalíua,,kaliuāna,,karíua,,520,821
Weißer,White man,Homem branco,,,karíua,,,,,,521,821
Weißer,White man,Homem branco,,,yé̠ua,,,,,,522,821
Zauberarzt,Magician,Mago,yé̠a,,yī́(i),,yaiká,,kū́'me̥,,523,821
Zauberarzt,Magician,Mago,,,(d)yī́(i),,,,,,524,821
Arzneimittel,Drug,Droga,bālá,,,,,,,,525,821
Krankheitsgift,Poison,Veneno,nīmá,,,,,,,,526,821
Fieber,Fever,Febre,nīmáke̥li,,,,,,,,527,821
Dysenterie,Diarrhea,Diarreia,dī́(y)oho,,,,,,,,528,821
Tabak,Tobacco,Tabaco,mū̠nú̠,,mé̥la,,mi'nóa,,me̥nṓre̥,,529,821
Tabak,Tobacco,Tabaco,,,,,minó,,,,530,821
Tabakblatt,Tobacco leaf,Folha de tabaco,,,mé̥lapu,,,,,,531,821
Große Zigarre,Big cigar,Charuto grande,ōlēró,,,,,,,,532,821
Große Zigarre,Big cigar,Charuto grande,ōlēló,,,,,,,,533,821
Zigarrengabel,Cigar fork,Forquilha para cigarro,ōlērótsualide̥xpe̥,,,,,,,,534,821
Zigarrengabel,Cigar fork,Forquilha para cigarro,ōlēlótsualide̥xpe̥,,,,,,,,535,821
Schnupftabak,Snuff,Rapé,mū̠nu̠ui̯hīnimúka,,,,mi'nóa,,me̥nṓre̥,,536,821
Schnupftabak,Snuff,Rapé,,,,,minó,,,,537,821
Schnupfapparat,Sniffing device,Aparelho de rapé,ui̯híniseneno,,mé̥la,,mī́nouīnukia,,me̥nosé̠(i)kia,,538,821
Schnupftabakdose,Snuffbox,Porta-tabaco,,,me̥lapuhúa(d)ye̥,,mīnokóa,,,,539,821
"Große Schneckenschale, die als Schnupftabakdose verwendet wird",Large snail shell that is used as a snuffbox,Concha grande de lesma usada como um porta-tabaco,,,,,kobé̠rokoa,,,,540,821
"Wundkratzer (dreieckige Kalabassenscherbe, mit Zähnchen d.Trahíra-Fisches besetzt)","Wound scratches (triangular calabash shard, studded with teeth of the Trahíra fish)",Feridas (fragmento triangular de cabaça),,,,,yé̠'yoa,,,,541,821
"Wundkratzer (dreieckige Kalabassenscherbe, mit Zähnchen d.Trahíra-Fisches besetzt)","Wound scratches (triangular calabash shard, studded with teeth of the Trahíra fish)",Feridas (fragmento triangular de cabaça),,,,,yé̠yoa,,,,542,821
Gott,God,Deus,góamã(g)ẽ,,kṓ(n)yau̯i,,ué̠xkoa,,tu̠pána,,543,821
Gott,God,Deus,,,,,wé̠xkoa,,,,544,821
Gott,God,Deus,,,,,tupā́na,,,,545,821
Gespenst,Demon,Demônio,uaxtí,,uá(x)ti,,ṓpire̠koa,,ā́ti,,546,821
Waldgeist,Forest spirit,Espírito da floresta,bōlēró,,bulḗ̠ro,,bulé̠ru,,,,547,821
Waldgeist,Forest spirit,Espírito da floresta,,,,,ua(d)yáule̠ru,,,,548,821
Waldgeist,Forest spirit,Espírito da floresta,,,,,ua(d)yáule̠ruka,,,,549,821
Waldgeist,Forest spirit,Espírito da floresta,,,,,nokolī́(d)yau̯a,,,,550,821
Seele,Soul,Alma,,,uá(x)tiuáage̥,,pōpaká,,,,551,821
Sprache,Language,Língua,uē̠ré̠nĩ(g)īnĩ̄,,ma(x)(t)agóxko,,oká,,,,552,821
Affe (Macaco prego),Capuchin monkey,Macaco-prego,gaxkí,,kākí,,take̠á,,tá(a)ki,,553,821
Brüllaffe,Howler monkey,Bugio,ōrá,,ī(x̯)sí,,ihía,,ḗsi,,554,821
Brüllaffe,Howler monkey,Bugio,,,ī(x̯)(t)sí,,,,,,555,821
Uacarí-Affe,Uacari monkey,Uacari,pōlétulu,,,,,,,,556,821
Uacarí-Affe,Uacari monkey,Uacari,pōréturu,,,,,,,,557,821
Oayapisá-Affe,Oayapisá monkey,Macaco uaiapuçá (japuçá/uapuçá),uau,,,,uaúa,,,,558,821
Yuruparý-Affe,Yuruparý monkey,Macaco jurupari,ūkúame,,,,,,,,559,822
Caiarára-Affe,Caiarára monkey,Baiarara,mexságaxki,,,,take̠bóe̠a,,,,560,822
Barrigudo-Affe,Barrigudo monkey,Macaco barrigudo,tsé(i)ge,,sḗ̠na,,,,sḗ̠ra,,561,822
Macaquinho,Macaquinho,Macaquinho,mē̠né̠tsino,,,,hihía,,,,562,822
Fledermaus,Bat,Morcego,ōyó,,ṓdye̥,,ṓdyo,,hóio̯,,563,822
Fledermaus,Bat,Morcego,,,,,,,hóiyo,,564,822
Kleine Fledermaus,Small bat,Morcego pequeno,oyobe̥gé̥,,,,,,,,565,822
Micura,Opossum,Mucura (saruê),hoá,,,,,,,,566,822
"Jaguar, bunter",More colorful jaguar,Onça pintada,yē̠dóloge̥,,(d)yī́,,yaía,,híai,,567,822
"Jaguar, bunter",More colorful jaguar,Onça pintada,yē̠dṓroge̥,,yī́,,,,hiyai,,568,822
"Jaguar, bunter",More colorful jaguar,Onça pintada,,,yí,,,,,,569,822
"Jaguar, schwarzer",Black jaguar,Onça preta,yē̠yéā(g)ē,,(d)yī́(n)yī,,yainé̠iye,,yáitopike̥,,570,822
"Jaguar, schwarzer",Black jaguar,Onça preta,,,,,yainé̠iya,,,,571,822
Puma,Puma,"Suçuarana, Onça-Parda",yē̠diage̥,,(d)yīdiaúe̥,,yaihóaga,,uai̯yumalie̠i,uai̯yumalíe̠i,572,822
Puma,Puma,"Suçuarana, Onça-Parda",,,(d)yī́diau̯e̥,,,,,,573,822
Maracajá,Maracajá,Gato-maracajá,uaxsohí,,,,,,,,574,822
Hirsch,Deer,Veado-Campeiro,yamá,,yámabṓle̠,,yamága,,yā́ma,,575,822
Hirsch,Deer,Veado-Campeiro,,,yámabṓre̠,,,,yá'ma,,576,822
Hirsch (Rothirsch),Stag,Veado-Vermelho,yamadiage̥,,be̠tániama,,,,ya'másio,,577,822
Fischotter,Otter,Lontra,diai̯yoa,,kaúala,,diayáu,,liayau̯,,578,822
Tapir,Tapir,Anta,uex̯ké̥,,uike̥,,uai̯bikínaga,,ué̠(e̠)ke̥,,579,822
Capivara,Capybara,Capivara,diaúex̯ke̥,,diau̯ike̥,,ke̠húa,,ké̠tu,,580,822
Capivara,Capybara,Capivara,,,,,ke̠húe,,ké̠'tu,,581,822
Paca,Paca,Paca,tsēmé,,tsimi,,hē̠mé̠a,,sé̠me̠,,582,822
Paca,Paca,Paca,,,,,,,sé̠'me̠,,583,822
Agutí,Agutí,Cutia,bui,,búi,,būía,,b(o)óto,,584,822
Agutiuaya,Agutiuaya,Cutiara,,,bó(x)so,,bohó,,,,585,822
Cuatí,Coati (coatimundi),Quati,mix̯pi,,ui(x̯)pí,,uipía,,míhi,,586,822
Cuatí,Coati (coatimundi),Quati,,,,,,,mí'hi,,587,822
Cuatipurú,Cuatipurú,Quatipuru (tipo de esquilo),mix̯tsóka,,póe̠ro,,mé̠ne̠lika,,ualipoké̠ase̥,,588,822
Kleines Cuatipurú,Small Cuatipurú,Quatipuru pequeno,de̥té̥,,,,,,,,589,822
"Ratte, Maus",Muroid (mouse or rat),"Rato, camundongo",(m)bii,,bī́i,,be̠ía,,pā́i,,590,822
Maus,Mouse,Camundongo,,,,,be̠imakíika,,,,591,822
Gürteltier,Armadillo,Tatu,pāmú,,pamólo,,pamúa,,hāmu,,592,822
Riesengürteltiers,Giant armadillo,Tatu grande,uex̯képamu,,ui̯ke̥pamólo,,kapilíyaka,,he̠tókie̥,,593,822
Schale des Gürteltiers,Armadillo shell,Casco de tatu,pāmúgax(t)siro,,,,,,,,594,822
Faultier,Sloth,Bicho-preguiça,kē̠rá,,kē̠rá,,puúa,,hṓta,,595,822
Großer Ameisenbär,Giant anteater,Tamanduá bandeira,būgú,,yapú,,ue̠ága,,hū́niupu̠,,596,822
Kleiner Ameisenbär,Small anteater,Tamanduá mirim,mohótolipagage̥,,būlutx̯í,,burúa,,pṓrokiasi,,597,822
Kleiner Ameisenbär,Small anteater,Tamanduá mirim,,,būlut(š)i,,,,,,598,822
Taitetú-Schwein,Taitetú pig,Caititu,ye̠x̯sé̠puru,,sé̠se̠buti,,hē̠kápe̠raga,,liáme̥kiatu,,599,822
Taitetú-Schwein,Taitetú pig,Caititu,ye̠x̯sé̠pulu,,(t)sé̠(t)se̠buti,,,,,,600,822
Taiasú-Schwein,Taiasu pig,Queixada,ye̠x̯sé̠,,sé̠se̠talage̥,,he̠hé̠a,,sḗ̠se̠,,601,822
Taiasú-Schwein,Taiasu pig,Queixada,,,(t)sé̠(l)se̠talage̥,,,,,,602,822
Schweinszähne,Pig teeth,Dente de porco,ye̠x̯sé̠guikiri,,,,,,,,603,822
"Schwein, europaisches",European pig,Porco europeu,ye̠x̯sé̠,,,,,,,,604,822
Hund,Dog,Cão,díai̯yi,,dyī́ma(x)sa,,ye̠ué̠koa,,yaime̠ko,,605,822
Katze,Cat,Gato,pitsána,,,,,,,,606,822
Manatí,Manatee,Peixe-boi,,,,,diau̯e̠kía,,,,607,822
Manatí,Manatee,Peixe-boi,,,,,yoaláua,,,,608,822
Delphin,Dolphin,Golfinho,dex̯kópolesiriro,,,,amálaka,,,,609,822
Vogel (=passarinho),Bird (= passarinho),Passarinho,minimã(g)ẽ,,mīrá,,ui(d)yága,,uaíhia,,610,822
Ei,Egg,Ovo,minimã́(g)ẽndiuli,,mīrándia,,,,uai̯híaliāre̥,,611,822
"Arara, rot",Red macaw,Arara vermelha,mahá,,mahá,,háulaka,,hā́ru,,612,822
"Arara, blau",Blue macaw,Arara azul,,,mahapṓ(g)ua,,,,makiátāre̥,,613,822
Periquito,Periquito,Periquito,gex̯kéru,,bulu(g)ái,,tuia,,tsḗri,,614,822
Periquito,Periquito,Periquito,,,,,tsī́ria,,,,615,822
Paragei,Parrot,Papagaio,uex̯gó,,bṓgo,,pakóloka,,soráko,,616,822
Paragei,Parrot,Papagaio,uex̯kó,,,,,,(t)soráko,,617,822
Anacã,Anacã,Anacã,doé,,,,oalákaka,,uarákie̥,,618,822
Mutum,Curassow,Mutum,nuxpí,,diakútsi,,kutía,,kúisi,,619,823
Mutum,Curassow,Mutum,,,diakút(š)i,,kut(š)ía,,,,620,823
Urumutum,Nocturnal curassow,Urumutum,e̠hḗ̠be̥ge̥,,me̥siī́ṅge̥,,lukía,,hā́sikia̠li,,621,823
Jacú,Guan,Jacu,kālamhé,,makaúe̠dya,,mālé̠a,,mā́lai̯e̥,,622,823
Cujubim,Red-throated piping guan,Cujubi,kalá,,kā́la,,kúdyuiga,,kúyui̯,,623,823
Jacamý,Dark-winged trumpeter,Jacamim,moá(m)bulebu,,móāsi,,moákahe̠a,,mṓai̯e̥,,624,823
Corocoró,Green ibis,Coró-coró,kōlólu,,koló,,ḳoákuru,,likókoto,,625,823
Corocoró,Green ibis,Coró-coró,kōróru,,koró,,,,,,626,823
Großes Inambú,Big tinamou,Inambu grande,ã̄(g)ã̄́,ã(g)ã́,ā́(g)ēlē,,ā́kaka,,hā́kia,,627,823
Kleines Inambú,Small tinamou,Inambu pequeno,yairó,,,,,,,,628,823
Taube,Dove,Pombo,buxhuá,,bútu,,ókoe̠pakoa,,okókuli,,629,823
Taube,Dove,Pombo,,,(b)útu,,,,,,630,823
Tucáno,Toucan,Tucano,naxtsí,,(n)yā́si,,naḥé̠a,,dṓki,,631,823
Yapú,Oropendola,Japu,umú,,ómu,,ū́mua,,hū́mu,,632,823
Japeim,Yellow-rumped cacique,Japiim,yoxsó,,,,hī(i)rúa,,,,633,823
Specht (Arapaso),Woodpecker (arapaso),Pica-pau (Arapaçu),kōlé̠,,,,kuayḗ̠rie,,,,634,823
Specht (Arapaso),Woodpecker (arapaso),Pica-pau (Arapaçu),,,,,kuayḗ̠ri(e),,,,635,823
Trovão,Thunder (bird sp.),Trovão (espécie de ave),,,,,paíuaga,,,,636,823
Taiasuirá,Taiasuirá,Taiasuirá,,,,,uauáka,,,,637,823
Aracuã,Aracuã,Aracuã,uā́galo,uã́galo,,,,,,,638,823
Aracuã,Aracuã,Aracuã,uā́gāro,uã́gāro,,,,,,,639,823
Anacoró,Anacoró,Anacoró,,,,,kolópagá,,,,640,823
Andurĩ,Swallow,Andorinha,mīnóa,,,,,,,,641,823
Kleine weiße Schwalbe,Small white swallow,Andorinha branca pequena,,,,,pulítsio̯ka,,,,642,823
Nachtschwalbe,Nightjar,Noitibó,,,bóē̠dyu,,,,,,643,823
Uratauí,Uratauí,Uratau,,,,,báua,,,,644,823
Uratauí,Uratauí,Uratau,,,,,báue,,,,645,823
Kolibri,Hummingbird,Beija-flor,mīmí,,mimi,,oálala,,,,646,823
Vogel,Bird,Pássaro,,,,,uānataí(a),,,,647,823
"Hahn, Huhn","Rooster, chicken","Galo, frango",kālanyá,,kálaka,,kálaka,,kiárakia,,648,823
Ente,Duck,Pato,diákala,,kómāna,,kumálaka,,kúmālo,,649,823
Kleine bunte Ente,Small colorful duck,Pato pequeno colorido,,,,,ókopuk(u)luaua,,,,650,823
Martim pescador (Art Eisvogel),Martim pescador (type of kingfisher),Martim pescador,tsālá,,sása,,haháka,,,,651,823
Martim pescador (Art Eisvogel),Martim pescador (type of kingfisher),Martim pescador,tsārá,,,,,,,,652,823
Carará,Carará,Carará,dex̯kónax(t)si,,día(n)yasi,,kā́dyue̠ka,,kíai̯ua,,653,823
Mergulhão,Mergulhão,Mergulhão,ya'kátsana,,,,,,,,654,823
Kleine Möve,Small gull,Gaivota-pequena,,,,,pé̠uaga,,,,655,823
Saracúra (Art Wasserhuhn),Saracúra (type of coot),Saracura,,,,,to(o)kálaga,,,,656,823
Socó,Socó,Socó,ṓ(m)be̥ge̥,,,,dūlía,,,,657,823
Weißer Reiher,White heron,Garça-branca,yaxhí,,boḥó,,būdyaboía,,háupu,,658,823
Weißer Reiher,White heron,Garça-branca,yaḥí,,,,,,,,659,823
Yaburú,Yaburú,Jaburu,ḗ̠olo,,,,e̠ólaka,,,,660,823
Maguarý,Maguarý,Maguari,,,,,mālié̠ya,,,,661,823
Maguarý,Maguarý,Maguari,,,,,mālié̠ye,,,,662,823
Tuyuyú,Tuyuyú,Tuiuiú,,,,,kālomalí(e),,,,663,823
Tuyuyú,Tuyuyú,Tuiuiú,,,,,áualiga,,,,664,823
Urubú,Vulture,Urubu,gōlóphūna,,miūla,,uadyúlika,,ṓropu,,665,823
Urubú,Vulture,Urubu,gōróphūna,,,,,,,,666,823
Großer Gavião,Big hawk,Gavião grande,gā́be̥ge̥,,gā́,,au̯apákie̠ka,,,,667,823
Habicht,Hawk,Gavião,,,,,lé̠(e)lé̠a,,,,668,823
Cancão,Cancão,Cancão,,,,,kāgakáue̯,,,,669,823
Große Eule,Big owl,Coruja grande,gá,,,,pukupúkuliga,,,,670,823
Kleine Eule,Small owl,Corujinha,(m)be̥xbé̥bogabu,,,,,,,,671,823
Lunge,Lung,Pulmão,,,,,tsaī́(e),,,,672,823
Leber,Liver,Fígado,,,,,tsaká(a)tsia,,,,673,823
Herz,Heart,Coração,,,,,tsōnyimakía,tsa- + coração,,,674,823
Magen,Stomach,Estômago,,,,,tsa(d)yauā́naga,tsa- + estômago,,,675,823
Magen,Stomach,Estômago,,,,,tsa(d)yauā́laga,,,,676,823
Kehllappen,Wattle,Barbela de ave,,,,,dikánapiroa,,,,677,823
Fisch,Fish,Peixe,uai,,uái,,uaie,,uaire̥,,678,824
Schuppen,Scale,Escamas,uaitsipulu,,uáíté̥te̥,,uaititía,,uairasḗ̠re̥,,679,824
Gräten,Fishbone,Espinha de peixe,uai(g)ōā,,uáig(n)ṓā,uáig(n)ṍã,uaiuaká,,uaikuā́re̥,,680,824
Rochen,Stingray,Arraia,ānyá,,é̥nya,,ākisiká,,híatoli,,681,824
Sorubim,Sorubim,Sorubim,uaipe̥,,kúlidi,,ku̠liriká,,kúai̯,,682,824
Piranha,Piranha,Piranha,mūnyú,,múnyu,,miopiká,,mā́i,,683,824
Zitteraal,Electric eel,Enguia elétrica,tsaá,,né̠(x̯)ko,,ne̠(x)kóa,,mé̠(e̠)ko,,684,824
Zitteraal,Electric eel,Enguia elétrica,,,ne̠(x̯)kó,,,,,,685,824
Pirarára,Pirarára,Piraraba,moháuai,,,,,,,,686,824
Pirahíba,Pirahíba,Piraíba,moó,,uáibe̥ge̥,,piraíuaka,,uaíhāke̥,,687,824
Tucunaré,Tucunaré,Tucunaré,,,púuai,,yukunanía,,poḥṓuai̯,,688,824
Pacú,Pacu,Pacu,uhú,,úḥu,,ū́a,,hṓḥu,,689,824
Aracú,Aracú,Aracu,bóleka,,bṓle̠ka,,botáka,,pṓle̠kia,,690,824
Acará,Acará,Acará,uali,,uā́li,,,,,,691,824
Trahira,Trahira,Traíra,doé̠,,,,,,,,692,824
Yataiuarana,Yataiuarana,Jatuarana,,,,,uámulika,,,,693,824
Jacundá,Jacundá,Jacundá,,,méha,,,,,,694,824
Mandubé,Mandubé,Mandubé,,,,,uairé̠taka,,,,695,824
Pirarucú,Pirarucú,Pirarucu,,,,,nyumálika,,,,696,824
Peixe cachorro,Peixe cachorro,Peixe-cachorro,,,,,yé̠(d)yo,,,,697,824
Candirú,Candirú,Candiru,,,,,kanirú,,,,698,824
Alligator,Alligator,Jacaré,diákea,,áūli,,gáhua,,ualíase̥,,699,824
Alligator,Alligator,Jacaré,,,,,gáhue,,,,700,824
Leguan,Iguana,Iguana,diákea,,,,,,,,701,824
Eidechse,Lizard,Lagarto,onoíyagoxso,,é̥mi(x̯)ki,,mā́kake̠táka,,uḗ̠puli,,702,824
Eidechse,Lizard,Lagarto,ōnoíagoxso,,,,,,,,703,824
Frosch,Frog,Rã,ōmá,,úma,,ūmáka,,tṓnyako,,704,824
Frosch,Frog,Rã,,,,,tṓniaka,,,,705,824
Kröte,Toad,Sapo,tā́lobe̥ge̥,,ue̠uálu,,ululū́líka,,kṓroro,,706,824
Kröte,Toad,Sapo,,,,,ululū́rika,,,,707,824
Frosch oder Kröter,Frog or toad,Rã ou sapo,,,,,pā(d)yamóalika,,,,708,824
Tartaruga,Turtle,Tartaruga,,,(ṅ)gúi,,ṓia,,kā̠́e̥,,709,824
Tartaruga,Turtle,Tartaruga,,,,,ṓie,,,,710,824
Cabeçudo,Big-headed Amazon River turtle,Cabeçudo (tipo de tartaruga),pē̠yó,,,,,,,,711,824
Jabutí,Tortoise,Jabuti,bē̠yó,,pā́li,,pále̠kika,,ḥā́re̥,,712,824
Schild der Cabeçudo,Shell of the Big-headed Amazon River turtle,Casco de cabeçudo,pē̠yúpe̠ru̠,,,,,,,,713,824
Schlange,Snake,Cobra,bīnú,,diadyúi,,ānyáka,,háya,,714,824
Schlange,Snake,Cobra,pīnú,,,,,,,,715,824
Große Wasserschlange,Big water snake,Cobra d'água grande,díaōlero,,pī́nu,,ã̄nyã́pakeaka,,ãyẽ́hāke̥,,716,824
Jiboya,Boa,Jiboia,maxkápinu,,,,,,,,717,824
Jararáca,Jararáca,Jararaca,ānyá,,diadyúi,,ānyáka,,hā́ya,,718,824
Jararáca,Jararáca,Jararaca,,,,,,,háya,,719,824
Surucucú,Surucucú,Surucucu,tsumúsero,,,,,,,,720,824
Erdergenwurm,Earthworm,Minhoca,,,,,uaḥúa,,,,721,824
Baumregenwurm,Palm weevil larva,Mochiva (larva de besouro que fica na árvore),,,,,butsíuahua,,,,722,824
Ameise,Ant,Formiga,ē̠má,,ī́mu,,ē̠múa,,aútone̠ne̥,,723,824
Ameise,Ant,Formiga,,,,,,,aú(n)tone̠ne̥,,724,824
Saúba-Ameise,Saúba ant,Saúva,yã(g)ĩmẽ(g)ã,,mẽ́(g)ã,,me̠(x̯)káka,,mḗ̠'kiari,,725,824
Maniuára-Ameise,Maniuára ant,Maniuara,mẽ̄(g)ã́,,kāgá,,kā́ga,,,,726,824
Maniuára-Ameise,Maniuára ant,Maniuara,,,,,gā́ka,,,,727,824
Tocandíra-Ameise,Tocandíra ant,Tocandira,kā́de̥xka,,pé̠(e̠)la,,patáka,,hā́ta,,728,824
Tocandíra-Ameise,Tocandíra ant,Tocandira,,,pé̠(e̠)ra,,,,,,729,824
Termiten,Termite,Cupim,būluá,,bū́lu,,butúa,,pṓru,,730,824
Taracuá,Taracuá,Taracuá (tipo de formiga),,,,,malákaka,,,,731,824
Fliege,Fly (insect),Mosca,moámala,,,,,,,,732,824
Mosquito,Mosquito,Mosquito,me̥leá,,mé̥li,,minía,,mé̥ne̠,,733,824
Kleine Mosquito,Small mosquito,Mosquito pequeno,pāmúpoka,,,,,,,,734,824
Pium,Pium,Pium,nū́lina,,tsú(x)tsi,,huhía,,tó(o)si,,735,825
Pium,Pium,Pium,,,(t)sú(x)(t)siga,,,,,,736,825
Pium,Pium,Pium,,,(t)sú(t)si,,,,,,737,825
Mutuca,Mutuca,Mutuca,nu̠láme,,nṓluge̥,,ā́logaga,,yokóloko,,738,825
Mutuca,Mutuca,Mutuca,,,,,ā́lokaka,,,,739,825
Biene,Bee,Abelha,momḗ̠me̥la,,uáimúmi,,mapáka,,mū́mire̥,,740,825
Honig,Honey,Mel,mōmé̠,,múmi,,mimía,,kianáḥe̠le̠ke̠re̥,,741,825
Wespe,Wasp,Vespa,uxtí,,ú(x)ti,,ū́(x)tia,,hū́ti,,742,825
Heuschrecke,Grasshopper,Gafanhoto,pōlē̠ró,,nyémi,,nyimía,,yé̥(e̥)mi,,743,825
Grille,Cricket,Grilo,,,,,múḥua,,,,744,825
Wasserjungfer,Dragonfly,Libélula,mē(g)ā́galu,,,,uaī́a,,,,745,825
Wasserjungfer,Dragonfly,Libélula,,,,,uaī́ye,,,,746,825
Shmetterling,Butterfly,Borboleta,pṓgolu,,pó(o)golo,,pī́naka,,laúariko,,747,825
Shmetterling,Butterfly,Borboleta,pṓgoru,,,,,,,,748,825
Großer blauer Schmetterling,Big blue butterfly,Borboleta grande azul,uatópōro,,,,pālopigá,,,,749,825
Raupe,Caterpillar,Lagarta,bex̯gá,,,,,,,,750,825
Mistkäfer,Dung beetle,Besouro rola-bosta,ge̥lán(h)unu,,,,itálonyaka,,,,751,825
Leuchtkäfer,Firefly,Vagalume,gaxbitū̠ge̥,,,,tā(a)pía,Estrela,,,752,825
Barata,Barata,Barata,tse̥liname,,ā́lau̯a,,ā́logaga,,hā́raua,,753,825
Carapato,Tick,Carrapato,de̠hé̠,,,,uai̯bikinṓliaka,,mākiáse̠he̥,,754,825
Sehr kleine Carapato,Very small tick,Carrapato muito pequeno,,,díanōpi,,ṓliaka,,,,755,825
Laus,Louse,Piolho,dix̯púmelame̥,,ṅ(g)ḗē,,iía,,ké̥(i)re̥,,756,825
Laus,Louse,Piolho,,,,,,,ké̥re̥,,757,825
Floh,Flea,Pulga,dix̯(t)sī́nome̠,,(d)yīma(x)saṅ(g)ẽ́ẽ,,kṓle̠nika,,hohṓkia,,758,825
Sandfloh,Sand flea,Bicho-de-pé,gúbutsu,,sóhu,,huúa,,kuhútohu,,759,825
Micuim,Micuim,Micuim,yaxpádiana,,,,ṓ(d)yahuaka,,,,760,825
Spinne,Spider,Aranha,be̥xpé̥,,bé̥be̥,,pipía,,héhe,,761,825
Krebs,Crab,Caranguejo,ṅ(g)āmí,,,,āmía,,kiá(a)mi,,762,825
Camarão,Shrimp,Camarão,naxtsíkame,,nasíga,,náhokaga,,nā́sikiali,,763,825
Skorpion,Scorpion,Escorpião,,,kóle̠oabu,,koápalaka,,mū́ni,,764,825
Skorpion,Scorpion,Escorpião,,,,,,,mú(u)ni,,765,825
Wasserspinne,Water spider,Aranha d'água,,,,,lianyamága,KG 'Flußhirsch' (tradução: veado d'água) (morfológica),,,766,825
Wasserspinne,Water spider,Aranha d'água,,,,,dianyamága,KG 'Flußhirsch' (tradução: veado d'água) (morfológica),,,767,825
Tausendfuß,Millipede,Centopeia,āki,,,,mūlía,,,,768,825
Maruim,Maruim,Maruim,,,,,maliuí,,,,769,825
Páca,Páca,Paca,,,,,pamúkurumaka,,,,770,825
Muschel,Shell,Concha,,,,,āróa,,,,771,825
Schnecke,Snail,Lesma,tsei,,,,kobé̠raka,,,,772,825
Baum,Tree,Árvore,yuxké̥ge̥,,yábu,,yapúa,,tṓke̥,,773,825
Blatt,Leaf,Folha,pū́,,pū́,,pūnyúa,,yṓkiare̥,,774,825
Ast,Branch,Galho,yuxké̥de̥xpé̥,,,,yapuhḗ̠rika,,,,775,825
Rinde,Bark,Casca da árvore,yuxké̥gaxtsīro,,yābugát(š)i,,yapuáḥe̠a,,tōke̥rasḗ̠re̥,,776,825
Wurzel,Root,Raiz,nũ(g)(e)ṹ,,náge̠,,yapunikóa,,te̠tā́re̥,,777,825
Wurzel,Root,Raiz,,,ná'ge̠,,,,,,778,825
Dorn,Thron,Espinho,bōlá,,,,po(x)tá,,,,779,825
Samen,Seed,Semente,yuxke̥de̥xká,,,,yapuliká,,,,780,825
Harz,Resin,Resina,gṓge̥,,,,yaputé̠koa,,,,781,825
"Schale, Hülse (d.Frucht)","Peel, pod",Casca da fruta,yuxké̥de̥xkagaxtsī́ro,,,,salikakoá,,,,782,825
Blüte,Blossom,Flor,gṓli,,góo,,yapuōliká,,te̠tā́re̥,,783,825
Frucht,Fruit,Fruta,yuxke̥de̥xká,,yabúdiga,,yapuliká,,toké̥likē̠re̥,,784,825
Frucht,Fruit,Fruta,,,yabúdigá,,,,,,785,825
Strauch,Shrub,Arbusto,yuxké̥puli,,,,yapumaxkanaká,,,,786,825
Gras,Grass,Grama,dā́,,tā́,,tāyá,,táyare̥,,787,825
Gras,Grass,Grama,,,,,,,táiāre̥,,788,825
Mais,Maize,Milho,ohṓle̥xka,,óo,,óaka,,mitólike̠re̥,,789,826
Mandioca,Manioc,Mandioca,kīrú,,kī́(i),,kía,,ké̥re̥,,790,826
Mandioca,Manioc,Mandioca,kīlú,,,,,,,,791,826
Mandioca,Manioc,Mandioca,kī́nu,,,,,,,,792,826
Mandiocamehl (Farinha),Manioc flour,Farinha de mandioca,pō(o)gá,,baagáli,,ā(m)bulúa,,au̯itíre̥,,793,826
Mandiocafladen (Beijú),Manioc bread,Beiju,ānoi̯ye̠,,baadyá,,áue,,haúku,,794,826
Curatá,Curatá,Curatá,tsīrālī́(g)e̠,,,,,,,,795,826
Tapioca,Tapioca,Tapioca,uē̠rá,,,,,,,,796,826
Tapioca,Tapioca,Tapioca,uē̠lá,,,,,,,,797,826
Banane,Banana,Banana,ohó,,abótiga,,óyagaga,,haúioake̠re̥,,798,826
Batate,Potato,Batata,yaxbi,,yá(x)pi,,ya'pía,,yahĩ́re̥,,799,826
Batate,Potato,Batata,,,,,ya(a)pía,,,,800,826
"Cará, Inyame",Yam,Inhame,ya(e)mú,,yámu,,ya'múa,,yaúre̥,,801,826
"Cará, Inyame",Yam,Inhame,,,,,ya(a)múa,,,,802,826
Capsicum,Pepper,Capsicum (gênero de plantas que inclui pimenta e pimentão),biá,,bía,,,,bíare̥,,803,826
Pfeffersauce,Peppersauce,Molho de pimenta,biátsuru,,,,,,,,804,826
Tucupí,Tucupí,Tucupi,,,,,gā́lie,,,,805,826
Tucupí,Tucupí,Tucupi,,,,,gā́li(e),,,,806,826
Ananas,Pineapple,Abacaxi,tsē̠ná,,(t)sī́ne,,māruká,,máiroke̥,,807,826
Ananas,Pineapple,Abacaxi,,,sī́ne,,,,,,808,826
Zahme,Tame,Domesticado,mē̠né̠,,mīni,,mē̠né̠,,mé̠'ne̠re̥,,809,826
Wilde,Savage,Selvagem,bī́kali,,,,,,,,810,826
Kakao,Cocoa,Cacao,,,kakáu,,kakáu,,,,811,826
Kakao,Cocoa,Cacao,,,,,kakáua,,,,812,826
Kakao,Cocoa,Cacao,,,,,iyotū́li,,,,813,826
Yapurá,Japurá,Japurá,diábāli,,,,,,,,814,826
Cucura,Cucura,Cucura,,,,,ī(d)yáka,,,,815,826
Umarí,Umarí,Umari,mé̥,,mḗ,,māmía,,mā́'me̥re̥,,816,826
Abíu,Abíu,Abiu,ex̯tóga,,,,kā́laga,,,,817,826
Iua,Iua,Iuá-pixuna,,,,,tóaka,,,,818,826
Copoasú,Cupuaçu,Cupuaçu,,,,,mānyayapúa,,,,819,826
Copoasú,Cupuaçu,Cupuaçu,,,,,ī́oa,,,,820,826
Copoaï,Cupuí,Cupuí,,,,,yātúlika,,,,821,826
Copoaï,Cupuí,Cupuí,,,,,yātúlike,,,,822,826
Cumarú,Cumaru,Cumaru,,,,,kumarú,,,,823,826
Cumarú,Cumaru,Cumaru,,,,,kumalú,,,,824,826
Cubiu,Cubiu,Cubiu,,,,,bārá,,,,825,826
Pinupinú (Medizinalpflanze),Pinupinú (medicinal plant),,,,,,huhía,,,,826,826
Pokeá-Nuß,Pokeá nut,Tipo de noz,,,,,úle̠tsika,,,,827,826
Ukuki,Ucuqui,Ucuqui,,,,,pupáka,,,,828,826
Kürbis,Pumpkin,Abóbora,wādá,,,,,,,,829,826
Timbó,Timbó,Timbó,mīá,,e̠omix̯(t)sí,,ē̠nyamihia,,saítakurse̥,,830,826
Sipó,Liana,Cipó,tse̥(g)ā́,,mí(x̯)si,,mihía,,mix̯sire̥,mix̯síre̥,831,826
Sipó,Liana,Cipó,,,míx̯(t)si,,,,,,832,826
Kautschuk,Raw rubber,Látex,,,kaut(š)u,,kukúlate̠kua,,kause̥,,833,826
Gummi,Rubber,Borracha,gṓde̥xka,,uaxtx̯ú,,oahoaté̠kua,,,,834,826
Gummi,Rubber,Borracha,,,uaxt(š)ú,,,,,,835,826
Gummi-Milch,Rubber latex,Seiva,,,uaxtx̯udi,,,,,,836,826
Bambus,Bamboo,Bambu,uaá,,,,uālá,,,,837,826
Bambus,Bamboo,Bambu,,,,,iúa,,,,838,826
Pfeilrohr,Giant reed,Cana-do-reino,gālé̥,,,,anía,,,,839,826
Pfeilrohr,Giant reed,Cana-do-reino,,,,,āníe,,,,840,826
Zuckerrohr,Sugar cane,Cana-de-açúcar,,,,,kā́la,,,,841,826
Urucú,Achiote,Urucum,moxtsá,,mó(x)sa,,muhá,,muxtā́re̥,,842,826
Carayurú,Carajuru,Carayurú,gōnoi̯yá,,(ṅ)ge̥lā(d)yí,,kḗ̠naka,,kiámikolire̥,,843,826
Genipapo,Genipap,Genipapo,kōlá,,,,,,,,844,826
Genipapo,Genipap,Genipapo,kōrá,,,,,,,,845,826
Schimmel auf Mandiocafladen,Mold on manioc cake,Mofo no bolo de mandioca,,,,,t(s)au̯ā́nipatunie̯,,,,846,826
Mirití,Moriche palm,Buriti,ne̠é̠,,níi,,ne̠é̠,,nḗ̠re̥,,847,826
Tucum,Tucum,Tucum,yoxkápolani,,yó(x)ka,,yu(x)ká,,aúlikiare̥,,848,826
Tucum,Tucum,Tucum,yoxkáponani,,,,,,,,849,826
Tucumá,Tucumá,Tucumã,pē̠rá,,,,,,,,850,826
Caraná,Caraná,Caraná,muhí,,,,muía,,,,851,826
Puxiúba,Puxiúba,Paxiúba,yōmóloyū̠li,,,,yaé̠a,,,,852,827
Piassába,Piassava,Piaçaba,piasá,,,,,,,,853,827
Yauarý,Jauari,Jauari,,,,,tūpía,,,,854,827
Busú,Ubuçu,Ubuçu,,,,,uahía,,,,855,827
Assaï,Açaí,Açaí,mihí,,píidika,,pipirika,,hihī́re̥,,856,827
Pupunha,Pupunha,Pupunha,e̥lí,,é̥li,,īné̠,,é̥'ne̠re̥,,857,827
Patauá,Patauá,Patauá,yūmú,,,,yau̯mía,,,,858,827
Bacaba,Bacaba,Bacaba,,,,,yomimákalaka,,,,859,827
Wenig,A little,Pouco,āminiḗ̠ga,,(t)si(i)áa(d)ya,,kōpahe̠ká,,yóḥe̠,,860,827
Viel,Many,Muito,ue̥liniḗ̠ro,,paxhá,,ni'kimaká,,hā́ne̠,,861,827
Halb,Half,Metade,dex̯kó,,de̠kapá(a),,,,tokíaḥu,,862,827
Voll,Full,Cheio,ohóte̥liri,,mó(n)ya,,,,pusíḥae̠,,863,827
Alles,All,Tudo,pahā́nika,,du(x)hā(d)yá,,lí(x̯)taha,li(x̯)taha,tirítote̠,,864,827
Ich,I,Eu,yeé̥,,yée̥,,yií,,yéhe̥,,865,828
Du,You,Você,me̥é,,mé̥e̥,,mií,,mé̥he̥,,866,828
Du,You,Você,meé,,,,,,,,867,828
Er,He,Ele,iṅ(g)é̥,,íge̥,,āpiká,,aháke̥,,868,828
Ein anderer,Other,Outro,,,,,āpiká,,aháke̥,,869,828
Wir,We,Nós,māli,,ge̥á,,dyihá,,yéta,,870,828
Wir,We,Nós,,,,,,,yé'ta,,871,828
Wir,We,Nós,,,,,,,yé(e)ta,,872,828
Ihr,Your (plural),Seu,me̥á,,mé̥a,,mihá,,mé̥ta,,873,828
Ihr,Your (plural),Seu,meá,,,,,,,,874,828
Sie,They,Eles,īná,,e̥dyé̥,,ī'ná,,yáhaāre̥,,875,828
Andere,Other,Outro,gaxī́na,,gaéi,,,,,,876,828
Mein Bogen,My bow,Meu arco,yā́be̠ro buiríbe̠ro,,yapātua(d)yá,,yite̠mupáí(e),,sípatolo,,877,828
Mein Bogen,My bow,Meu arco,,,yapātupáhi,,,,,,878,828
Dein Bogen,Your bow,Seu arco,mé̥yabe̠ro buiríbe̠ro,,mé̥e̥(d)yapātupáhi,,mínikate̠mupái(e),,mé̠patolo,,879,828
Deine Coca,Your coca,Sua coca,,,,,mitaā́bika,,,,880,828
Sein Bogen,His bow,O arco dele,ĩ̄ṅẽyábe̠ro buiríbe̠ro,,ige̥(d)yapātupáhi,,apikaliká te̠muyī́liuiia,,ahaké̥patolo,,881,828
Unser Haus,Our house,A nossa casa,mālíyawii,,maí(d)yau̯e̠é̠,,yī́liuiia,,siuī́re̥,,882,828
Euer Haus,Your house,Sua casa,me̥ā́yawii,,mé̥ā(d)yau̯e̠é̠,,miháliuiia,,me̠sauī́re̥,,883,828
Ihr Haus,Your House,Sua casa,īnayáwii,,e̥(d)yé̥(d)yau̯e̠é̠,,nāliuiía,,ne̠uī́re̥,,884,828
Groß,Large,Grande,ue̥alṓgelo,,paḥá(d)ya,,ho'baká,,háne̠,,885,828
Klein,Small,Pequeno,ãmĩ(g)ĩ́(g)ã,,(t)siā́(d)ya,,kúpai̯ka,,yṓhe̠,,886,828
Klein,Small,Pequeno,,,siā́(d)ya,,,,,,887,828
Hoch,High,Alto,e̥mã(g)ẽ́gero,,,,,,,,888,828
Tief,Deep,Fundo,ekā́noke̠,,,,,,,,889,828
Lang,Long,Longo,yuā́loge̠,,yoā(d)yá,,yóaka,,yó(o)e̠,,890,828
Kurz,Short,Curto,yoā́be̠a,,ye̠é̠ua,,,,kū́ne̠,,891,828
Breit,Wide,Largo,ē̠(e)yā́lo,,paḥá(d)ya,,,,hā́naia,,892,828
Breit,Wide,Largo,,,,,,,hā́naya,,893,828
Fett,Fat (obese),Gordo,ue̥agé̥gero,,yauí,,úkirika,,he̥yḗ̠ke̥ke̥,,894,828
Fett,Fat (obese),Gordo,,,,,,,he̥iḗ̠ke̥ke̥,,895,828
Mager,Thin (slim),Magro,gāgúāmi,,diimé̥,,,,,,896,828
Schwer,Heavy,Pesado,ne̥xké̥lika,,,,ni'kía,,,,897,828
Leicht,Light (weight),Leve,kālaue̯lī́na,,,,kóalime̠e̠be̠,,,,898,828
Leicht,Light (weight),Leve,kānaue̯lī́na,,,,,,,,899,828
Kalt,Cold,Frio,yex̯sā́nika,,(t)se̥x̯(t)sé̥,,híhia,,táe̥ne̠,,900,828
Kalt,Cold,Frio,,,se̥x̯sé̥,,,,,,901,828
Kalt,Cold,Frio,,,(t)six̯(t)sí,,,,,,902,828
sehr kalt,Very cold,muito Frio,,,(t)six̯(t)síama,,,,,,903,828
sehr kalt,Very cold,muito Frio,,,(t)se̥x̯(t)sé̥ama,,,,,,904,828
Warm,Warm,Quente,axtsī́nika,,ax(t)síama,,ihía,,hḗ̠kiaki,,905,828
Trocken,Dry,Seco,boxhoáa,,póoma,,pōpóa,,oálōre̠,,906,828
Naß,Wet,Molhado,dexkópakana,,,,uiíaka,,,,907,828
Verfaut,Rotten,Estragado (podre),boā́ya,,,,lā́baika,,,,908,828
Verfaut,Rotten,Estragado (podre),pīrī́na,,,,dā́baika,,,,909,828
Krank,Sick,Doente,dōlekéyanima,,tū́dye̥,,hī́niu̯,,ikū́lii,,910,828
Krank,Sick,Doente,,,be̥katū́dye̥,,,,,,911,828
Krank,Sick,Doente,,,be̥(x)katū́dy(i),,,,,,912,828
Tot,Dead,Morto,tsīniā́mi,,ne̥mé̥dīka,,kirḗ̠(d)ya(d)yi,,ké̥lisi,,913,828
Hart,Hard,Duro,be̥lípu̠nīka,,bé̥(x)ka,,,,,,914,828
Weich,Soft,Mole,nīnī́na,,pīliá,,,,,,915,828
Schwanger,Pregnant,Grávida,n(e)hī́po,,,,,,,,916,828
Gut,Good,Bom,oā́pu̠nīka,,ṓa,,hiá,,híāḥe̠,,917,828
Gut,Good,Bom,oā́pu̠līka,,,,,,,,918,828
Schön,Nice,Legal,,,ṓa,,,,yā́he̠,,919,828
Schlecht,Bad,Mau,yē̠pu̠nī́ka,,ue̥(e̥)lí,ue̥(e̥)li,ī́nehīt(š)ia,,lā́roe̠,,920,828
Schlecht,Bad,Mau,yē̠pu̠lī́ka,,,,,,,,921,828
Tapfer,Brave,Corajoso,tulapu̠nī́ka,,,,,,,,922,828
Tapfer,Brave,Corajoso,tulapu̠lī́ka,,,,,,,,923,828
Feig,Cowardly,Covarde,buxtā́nima,,,,oā́malimakíaka,,,,924,828
Feig,Cowardly,Covarde,buxtā́lima,,,,,,,,925,828
Weiß,White,Branco,bōlé̠riye̠,,bṓle̠,,bóya,,pṓle̠,,926,829
Weiß,White,Branco,,,,,bóiya,,pó(o)le̠,,927,829
Schwarz,Black,Preto,nyī́nimi,,(n)yī́(d)ya,,né̠ya,,tó(o)pile̠,,928,829
Schwarz,Black,Preto,,,(n)yī́,,né̠iya,,,,929,829
Schmutzig,Dirty,Sujo,ge̥láli,,u(e)hḗ̠ge̥(d)yée̥,,tā́lie̠ka,,loké̥kie̥,,930,829
Schmutzig,Dirty,Sujo,,,u(e)hḗ̠ge̥dye̥,,,,,,931,829
Dunkel,Dark,Escuro,,,be̥xkániama,,,,,,932,829
Rot,Red,Vermelho,dialiye̠,,díau̯a,,hoāká,,síōle̠,,933,829
Rot,Red,Vermelho,,,,,hoagá,,,,934,829
Blau,Blue,Azul,ya(a)tsā́li,,tsé̥me̥oa,,hi(i)míane̠í,,te̥mé̥ne̠,,935,829
Blau,Blue,Azul,ya(a)tsā́liye̠,,,,hī'mía,,,,936,829
Grün,Green,Verde,ya(a)tsā́liye̠,,tsé̥me̥oa,,hīmitáka,,te̥me̥né̠la,,937,829
Grün,Green,Verde,,,,,hādyúa,,,,938,829
Gelb,Yellow,Amarelo,bōlé̠,,ḗ̠bo,,hūt(š)ipo(o)báka,,hé̠oaki,,939,829
Gelb,Yellow,Amarelo,,,,,bóya,,,,940,829
Gestern,Yesterday,Ontem,dahābé̥loge̠,,kálu,,naṓka,,le̠líkoḥe̠,,941,829
Gestern,Yesterday,Ontem,,,káru,,,,,,942,829
Morgen,Morning,Manhã,(n)yamĩ́(g)ã,,yā́la,,uáiroka,,yā́mikia,,943,829
Morgen,Morning,Manhã,,,ya(a)lá,,,,,,944,829
Heute,Today,Hoje,do(e)pã́(g)ã,,ī́ne̥,,īnimí,,íne̥me̥,,945,829
Heute,Today,Hoje,do'pã́(g)ã,,,,,,,,946,829
Jetzt,Now,agora,dopakēyã́(g)ã,,,,,,,,947,829
Sogleich,Immediately,Imediatamente,dopágola,,,,,,,,948,829
Dereinst,Day (24 hours),Dia (24 horas),dahābé̥lokole̠ge̠,,,,,,,,949,829
Rechts,Right,Direita,diáye̠,,oe̠ní,,lí(x̯)tape̠nata,,heḥā́re̥āre̥,,950,829
Rechts,Right,Direita,díaye̠,,,,dí(x̯)tape̠nata,,ḥe̥ḥā́r(e̥)āre̥,,951,829
Links,Left,Esquerda,kopé̥,,gaxkoaní,,kā́kope̠na,,kiakṓre̥āre̥,,952,829
Links,Left,Esquerda,,,,,,,kiakṓr(e̥)āre̥,,953,829
Hier,Here,Aqui,íye̠,,ā́ge̥,,oó,,hóhona,,954,829
Nahe,Near,Perto,yḗpolo,,yoamaí,,yoé̠mata̠óihi,,tṓkie̥āne̥,,955,829
Nahe,Near,Perto,yḗporo,,,,,,tṓki(e̥)āne̥,,956,829
Dort,There,Lá,tsōgé̠,,lá(a),,itóna,,tṓhone̠,,957,829
Fern,Far,Longe,yō'ā́loge̠,,yoa'má,,yṓ'e̠,,yóe̠na,,958,829
Dorther,There,De lá,ṓge,,,,,,,,959,829
Vor (dem Haus),Front of (the house),Na frente (da casa),mā́kela hógoro,,,,,,,,960,829
Vor (dem Haus),Front of (the house),Na frente (da casa),mā́kena hógoro,,,,,,,,961,829
Hinter dem Haus,Behind the house,Atrás da casa,wiipé̥le̥pe̥,,,,,,,,962,829
"Über, auf dem Haus","Over, on the house",Em cima da casa,wiī́ue̯x̯ka,,,,,,,,963,829
Auf dem Baum,On the tree,Na árvore,yuxké̥ue̯x̯ka,,,,,,,,964,829
Unter dem Haus,Under the house,Embaixo da casa,wiipoe̠káke̠,,,,,,,,965,829
"In dem Haus, Im innern des Hauses","In the house, inside the house","Na casa, dentro da casa",wiikaluxkáke̠,,,,,,,,966,829
Ja,Yes,Sim,,,háe̥,,hḗ,,hehḗ,,967,829
Ja,Yes,Sim,ā́e̥,,,,háu,,,,968,829
Nein,No,Não,mā́la(a),,iamaí,,he̠noó hé̠no,,nī́re̥,,969,829
Nein,No,Não,mā́ra(a),,,,,,,,970,829
Nein,No,Não,mālianáa,,,,,,,,971,829
Atmen,Breathe,Respirar,tsioaíni,,yee̥t(š)ī́niyo,,(d)yidiatá(d)yu,,iateanié̠l,,972,829
Atmen,Breathe,Respirar,,,,,(d)yidiatá(d)ye̥,,,,973,829
"Aufstehen, sich erheben",Stand up,Se levantar,nī(g)iní,,,,,,,,974,829
Baden,Bathe,Tomar banho,īnaguanā́ni,,guá(t)(š)iu̯,,mū́(d)yāli,,okiá,,975,829
Baden,Bathe,Tomar banho,uanā́ni,,,,,,,,976,829
Beischlaf vollziehen,Have cohabitation,Ter coabitação,ina(d)yḗ̠ná,,yee̥tsíe̠i̯,,mambuālí,,tā'há,,977,830
Binden,Tie,Amarrar,dī́riri,,,,,,,,978,830
Begraben,Bury,Enterrar,,,goxtx̯e̠ātx̯é̥,,,,,,979,830
Bleiben,Stay,Ficar,dūhame̠né̠,,,,,,,,980,830
Braten,Grind,Ralar,tsoe̠bā́li,,tx̯óe̠i̯,,mix̯hoe̠be̠,,u̠hé̠kialó,,981,830
"Brennen, verbrennen",Burn,Queimar,ehéai̯yā(ni),,,,móhóe̠li,,houo̯úo,,982,830
ein Haus verbrennen,A burnt house,uma casa queimada,,,ue̥é̥ uhúā(d)ya,,,,,,983,830
Bringen,Bring,Trazer,airike̠,,,,,,,,984,830
Bring’ Wasser!,Bring water!,Traz água!,dex̯kó ai̯riké,,de̠ko ai̯uálisu,,,,,,985,830
Bring’ Wasser!,Bring water!,Traz água!,,,de̠(x̯)ko ai̯uáli(t)x̯u,,,,,,986,830
Bring’ hierher!,Bring here!,Traz pra cá!,,,ā́ge̥ ai̯uáli(t)sú,,,,,,987,830
Flöte blasen,Blow the flute,Toca a flauta,,,yasḗ̠bo puhúai̯e̥,,,,,,988,830
Denken,Think,Pensar,gūnyabirikā́(ni),,,,,,,,989,830
Ertrinken,Drown,Afogar,e̥kā́lani(nipe),,,,,,,,990,830
Essen,Eat,Comer,bā́li,,báai̯,,mambaā́(d)ye̠é̠,,opãkiá,,991,830
Essen,Eat,Comer,bā́ri,,,,,,,,992,830
Fallen,Fall,Cair,yūlikā(ni),,ue̠lé̠i̯,,yiyā́nye̥,,óḥoasisi,,993,830
Fallen,Fall,Cair,,,ue̠ré̠i̯,,yiyā́nyu,,,,994,830
"Wir wollen fangen, laßt uns fangen!","We want to catch, let's catch!","A gente quer pegar, bora pegar!",,,,,,,,,995,830
laßt uns ein Weib holen [fangen]!,lets catch a woman!,vamos pegar uma mulher!,,,tsaháme̥ nomi be̥(x)kákui,,,,,,996,830
Fliegen,Fly,Voar,ue̥li,,ué̥li,,tsauī́dye̥,,ké̥ue̠i,,997,830
Fliegen,Fly,Voar,,,,,tsauī́dyu,,,,998,830
Fließen,Flow,Fluir,oxhoamī́(ni),,be̥xkádyi huamá,,,,kotáte̠te̠a,,999,830
der Fluß strömt,The river flows,O rio flui ,,,,,hahía liákahulū́(d)ye̥,,,,1000,830
der Fluß strömt,The river flows,O rio flui ,,,,,hahía diákahulū́(d)yu,,,,1001,830
Fischen,Fishing,Pescar,u(e)hē̠rí,,bix̯tá(t)x̯e̥,,mipotabā́be̠,,okohé̠,,1002,830
Fürchten,Fear (be afraid),Ter medo,tālabé̠olé,,,,,,,,1003,830
Gähnen,Yawn,Bocejar,yaṓlipuli,,,,,,,,1004,830
Gebären,Give birth,Parir,pṓnakeli,,,,,,,,1005,830
Gib mir Wasser!,Give me water!,Me dá água!,,,,,,,,,1006,830
ich will Wasser haben!,I want water,eu quero água!,,,de̠(x̯)kó i(t)x̯é̥,,,,,,1007,830
Einen Flatus von sich geben,Fart,Peidar,,,,,itape̠hā́lige̥,,hotōnié,,1008,830
Einen Flatus von sich geben,Fart,Peidar,,,,,,,houá,,1009,830
Gehen,Go,Ir,oā́li,,kū́li,,uanúame̠pe̠,,,,1010,830
Gehen,Go,Ir,,,kū́(u)li,,uanúame̠be̠,,,,1011,830
Graben,Dig,Cavar,tsé̠āli,,,,,,,,1012,830
Greifen,Seize,Pegar,yéāli,,,,,,,,1013,830
Hast du Wasser?,Do you have water,Você tem água?,,,dé̠(x̯)ko ī́ātx̯i,,,,,,1014,830
Hast du Wasser?,Do you have water,Você tem água?,,,dé̠(x̯)ko ī́ā(t)x̯i,,,,,,1015,830
Hast du Farinha?,Do you have farinha,Você tem farinha?,,,bagáli ía(t)x̯i,,,,,,1016,830
Hauen,Strike or beat,Bater,,,pā́i,KG 'vgl. schlagen',mihipáhe̠ kope̠ki,,ho(x)tá,,1017,830
Hören,Listen,Ouvir,pē̠rí,,pī(d)yée̥,,meamítiyu,,okiónte̠si,,1018,830
Hören,Listen,Ouvir,,,pī(t)x̯ú,,meamítiye̥,,,,1019,830
Hungern,Starve,Morrer de fome,oáme̠naga,,,,,,,,1020,830
ich habe Hunger,I am hungry,Tenho fome,,,yee̥bóodyée̥,,,,,,1021,830
Husten,Cough,Tossir,tsā́liri,,te̠x̯té̠i̯,,te̠té̠lika,,otantá,,1022,830
Jagen,Hunt,Caçar,u(e)hē̠ráhoali,,tx̯akáuiī(t)x̯u,,,,ke̥tōniáse̥,,1023,830
Kacken,Shit (defecate),Defecar,ge̥láui̯ri,,yāmúi,,ītá,KG 'Kolt',oké̥ta,,1024,830
Kämpfen,Fight,Lutar,gāme̠káni,,ueī́dihi,,yihínyu,,tá(x)poni,,1025,830
Kämpfen,Fight,Lutar,,,,,yihínye̥,,,,1026,830
Kauen,Chew,Mastigar,bagalí,,kú(u)li,,,,únaku,,1027,830
Klettern,Climb,Escalar,me̥líni,,me̥hā́(t)x̯u,,yimī́nyu,,húmaa,,1028,830
Klettern,Climb,Escalar,,,,,yimī́nye̥,,,,1029,830
Kochen,Cook,Cozinhar,tsõláli,,tx̯ó(o)le̠i̯,,mīdyóabe̠,,ḥuḥé̠a,,1030,831
Kommen,Come,Vir,āliamā́ni(nipe),,uá(a)li,,kē̠tayú,,hé̠āse̥,,1031,831
Kommen,Come,Vir,,,yeuáge̥,,kē̠tayé̥,,,,1032,831
du kommst. komm! komm her!,Come here!,venha aqui!,,,u(a)ā́li(t)x̯ú,,,,oatá,,1033,831
du kommst. komm! komm her!,Come here!,venha aqui!,,,uā́li(t)x̯ú,,,,,,1034,831
Est kommt Regen,It comes rain,Tá vindo chuva,,,dé̠ko oā́lioaa,,,,,,1035,831
Est kommt Regen,It comes rain,Tá vindo chuva,,,dé̠(x̯)ko uālioaa,,,,,,1036,831
Ich gehe mir dir,I go to you,Eu vou até você,,,mé̥e̥pe̠e̠ yee̥uaatoho,KG 'mit dir mé̥e̥pae̠. āpḗ̠na',,,,,1037,831
Ich gehe mir dir,I go to you,Eu vou até você,,,yée̥ uá(a)ge̥ apé̠na,,,,,,1038,831
mit dir,thee (oblique case of you),"me, mim, comigo (forma oblíqua de eu)",,,,,,,mé̥ni,TCC caso -ni ocorre em língua TOc,1039,831
mit dir,thee (oblique case of you),"me, mim, comigo (forma oblíqua de eu)",,,,,,,mé̥'ni,TCC caso -ni ocorre em língua TOc,1040,831
Kriechen,Crawl,Rastejar,tsiuā́li,,,,,,,,1041,831
Ich bin krank,I'm sick,Estou doete,,,tū(d)yadīyee̥,,,,,,1042,831
Lachen,Laugh,Rir,iádyiri,,yiípi,,yḗ̠yu,,hóhihi,,1043,831
Lachen,Laugh,Rir,,,,,yḗ̠ye̥,,,,1044,831
Machen,Do,Fazer,mo'mḗ̠ni,,,,,,,,1045,831
"Malen, bemalen",Paint (something) or painting,Pintar,goxháli,,ge̥latx̯ibe̥ai̯,,,,uyakóta,,1046,831
"Malen, bemalen",Paint (something) or painting,Pintar,,,,,,,uiakóta,,1047,831
Nähen,Sew,Costurar,e̠ālí,,,,,,,,1048,831
Niesen,Sneeze,Espirrar,hātsíali,,axtí,,yihā(a)tsī́yu,,huhasí,,1049,831
Niesen,Sneeze,Espirrar,,,,,yihā(a)tsī́ye̥,,,,1050,831
Pfeifen,Whistle,Assoviar,uīrí,,,,,,,,1051,831
Pissen,Piss,Urinar,gōlḗ̠ni,,g(n)uulí,,keolḗ̠(d)ye̥,,okóne̠,,1052,831
Pissen,Piss,Urinar,,,(g)noolí,,ḳeolḗ̠(d)yu,,,,1053,831
Rauchen,Smoke (inhale),Fumar,mūnuhū́li,,,,midy(i)ī́be̠,,,,1054,831
Reden,Talk,Falar,ue̠ré̠nĩ(g)ĩni,,,,,,,,1055,831
Riechen,Smell (perceive),Cheirar,uihíāli,,,,,,,,1056,831
Rudern,Row,Remar,ué̠hāli,,ue̠āx(t)x̯ú,,miué̠abe̠,,hue̠uá,,1057,831
Rufen,Call,Chamar,pīyū́li,,,,,,,,1058,831
Ich schaukle mich in der Hängematte,I swing in the hammock,Eu balanço a rede,,,,,yibáukuni,,,,1059,831
Ich schaukle mich in der Hängematte,I swing in the hammock,Eu balanço a rede,,,,,yibáu(i)kuni,,,,1060,831
Du schaukelst dich in der Hängematte,You swing in the hammock,Você balança a rede,,,,,mibáubadyube̠,,,,1061,831
Schießen,Shoot,Atirar,pe̠áyēri,,,,,,,,1062,831
Schlafen,Sleep,Dormir,kāníni,,,,,,,,1063,831
Schlafen,Sleep,Dormir,kālíni,,,,,,,,1064,831
Ich will schlafen,I want to sleep,Eu quero dormir,kalī́(t)x̯e̥ kānioi̯y(e)ā́ni,,,,mikā́be̠,,hõkiahá,,1065,831
Schlagen,Strike or beat,Bater,pā́li,,,,,,,,1066,831
Schleifen,Grind,Moer,uxsípūli,,,,,,,,1067,831
Schlucken,Swallow,Engolir,,,,,síkoliga,,,,1068,831
Schnarchen,Snoring,Roncar,ṓle̠ni,,,,,,,,1069,831
Schneiden,Cut,Cortar,tápe̠ri,,yee̥látaā(t)x̯e̥,,mi(d)yi(ī)tatábe̠,,hu̠rú̠a,,1070,831
Ich schneide mit meinem Messer,I cut with my knife,Eu corto com a minha faca,,,ya(d)yé̥ipahi nii yé̥isu,KG 'mit meinem Messer yā(d)yé̥ipáhi' (análise sintática),,,,,1071,831
Schwimmen,Swim,Nadar,bā́li,,,,,,,,1072,831
Sehen,See,Ver,ī́yāli,,pē̠mātx̯é̥,,,,hṓkiaa,,1073,831
Sehen,See,Ver,,,pē̠mā(t)x̯ú,,,,,,1074,831
Singen,Sing,Cantar,bāyā́li,,,,,,,,1075,831
Sitzen,To sit,Sentar,doā́li,,dóā(t)x̯u,,mi(d)yú(u)abe̠,,ú̠ru̠ha,,1076,831
Sprechen,Speak,Falar,ue̠ré̠niṅini,,,,,,,,1077,831
Springen,Jump,Pular,būlirí,,bu(u)lī́(t)x̯u,,mihomita̠úabe̠,,húhea,,1078,831
Springen,Jump,Pular,,,bu(u)lī́(t)x̯e̥,,,,,,1079,831
Stechen,Sting,Ferror,yuxtsé̠ni,,,,,,,,1080,831
Stehen,Stand,Ficar em pé,nĩ(g)ĩní,,,,,,,,1081,831
Sterben,Die,Morrer,tsīniní,,tú(u)dyai,,mirē̠yádyu,,ké̥lisi,,1082,831
Sterben,Die,Morrer,,,,,mirē̠yádye̥,,,,1083,831
Tauchen,Dive,Mergulhar,ohomeníni,,,,,,,,1084,832
Töten,Kill,Matar,uhē̠ní,,bṓlē̠(t)x̯u,,mihábe̠,,ké̥liase̥,,1085,832
Töten,Kill,Matar,,,bṓlē̠(t)x̯e̥,,,,,,1086,832
Trinken,Drink,Beber,īrirí,,i(i)lí(t)x̯u,,miókube̠,,móuku,,1087,832
Trinken,Drink,Beber,ī(e)rirí,,,,,,,,1088,832
Umkehren,Turning back,Voltar,gālitsiali,,,,,,,,1089,832
Wachsen,Grow,Crescer,pūlīrí,,,,,,,,1090,832
Wachsen,Grow,Crescer,be̥gáli,,,,,,,,1091,832
Wachsen,Grow,Crescer,guāli,,yé̥ulaga(t)(š)i kóe̠(t)x̯u,,,,otolatosé,,1092,832
Waben,Comb (verb),Pentear,pũ(g)ẽ́ be̥ā́li,,,,,,,,1093,832
Weinen,Cry,Chorar,ōlḗ̠ri,,ṓle̠i̯,,keaudyé̥,,koiní,,1094,832
Weinen,Cry,Chorar,,,,,keaudyú,,,,1095,832
Werfen,Throw,Arrmessar,be̠ṓli,,koa(x)tx̯ā́etx̯e̥,ḳoa(x)tx̯ā́etx̯e̥,miuayatábe̠,,okū́lia,,1096,832
Wollen,Want,Querer,gā́mē̠ri,,tx̯e̥(e)dyé̥,,,,i(x̯)kiákoini,,1097,832
Zählen,Count,Contar,uaxpī́kioli,,,,,,,,1098,832
Zeigen,Show,Mostrar,tsiū́(m)puli,,,,,,,,1099,832
Ziehen,Pull,Empurrar,tāláuo̯li,,te̥xtáaitx̯é̥,,,,unúi,,1100,832
Zittern,Shiver,Tremer,yex̯sálipe̥ali,,,,,,,,1101,832
Vorwärts! Laßt uns gehen,Forward! Let's go,Bora! Vamo lá,íná,,tsahá,,láho,,téa,,1102,832
Vorwärts! Laßt uns gehen,Forward! Let's go,Bora! Vamo lá,,,,,dáho,,,,1103,832
Wohlan! (Aufforderung zum Essen usw.),Well! (Invitation to eat etc.),Bora! (convite para comer etc.),balalikḗ̠,KG 'lingoa geral: [eré katú!]',,,,,,,1104,832
